Workbook

Sheet bitacoras enero I
B1: CONTROL DE BITACORAS | D1: RECORRIDO KILOMETRAJE 2-DICIEMBRE -2025 | I1: RECORRIDO KILOMETRAJE ENERO (1) -2026 | N1: RECORRIDO KILOMETRAJE ENERO (2) -2026 | S1: RECORRIDO KILOMETRAJE FEBRERO (1) -2026 | X1: RECORRIDO KILOMETRAJE FEBRERO (2) -2026 | AC1: RECORRIDO KILOMETRAJE MARZO (1) -2026 | AH1: RECORRIDO KILOMETRAJE MARZO (2) -2026 | AM1: RECORRIDO KILOMETRAJE ABRIL (1) -2026
B2: Nombre del conductor | C2: Marca y N° de Placa | D2: INICIO | E2: FINAL | F2: KILOMETRO RECORRIDO | G2: PROMEDIO | H2: SALDO COMBUST. | I2: INICIO | J2: FINAL | K2: KILOMETRO RECORRIDO | L2: PROMEDIO | M2: SALDO COMBUST. | N2: INICIO | O2: FINAL | P2: KILOMETRO RECORRIDO | Q2: PROMEDIO | R2: SALDO COMBUST. | S2: INICIO | T2: FINAL | U2: KILOMETRO RECORRIDO | V2: PROMEDIO | W2: SALDO COMBUST. | X2: INICIO | Y2: FINAL | Z2: KILOMETRO RECORRIDO | AA2: PROMEDIO | AB2: SALDO COMBUST. | AC2: INICIO | AD2: FINAL | AE2: KILOMETRO RECORRIDO | AF2: PROMEDIO | AG2: SALDO COMBUST. | AH2: INICIO | AI2: FINAL | AJ2: KILOMETRO RECORRIDO | AK2: PROMEDIO | AL2: SALDO COMBUST. | AM2: INICIO | AN2: FINAL | AO2: KILOMETRO RECORRIDO | AP2: PROMEDIO | AQ2: SALDO COMBUST.
A3: 1 | B3: ALDO ALMAZAN TRONCOSO | C3: TOYOTA 3027 SXC | D3: 351900 | E3: 352201 | F3: 301 | G3: 5.308642 | H3: 179 | I3: =+E3 -> 352201 | J3: 352500 | K3: =+J3-I3 -> 299 | L3: =+K3/(179+10+20-159.2) -> 6.0040161 | M3: 159.2 | N3: =+J3 -> 352500 | O3: 352910 | P3: =+O3-N3 -> 410 | Q3: =+P3/(M3+28.74+74-R3) -> 5.9994147 | R3: 193.6 | S3: =+O3 -> 352910 | T3: 353098 | U3: =+T3-S3 -> 188 | V3: =+U3/(R3+77.85-W3) -> 5.9968102 | W3: 240.1 | X3: =+T3 -> 353098 | Y3: 353773 | Z3: =+Y3-X3 -> 675 | AA3: =+Z3/(W3-AB3) -> 5 | AB3: 105.1 | AC3: =+Y3 -> 353773 | AD3: 354346 | AE3: =+AD3-AC3 -> 573 | AF3: =+AE3/(AB3+14-AG3) -> 6 | AG3: 23.6 | AH3: =+AD3 -> 354346 | AI3: 354722 | AJ3: =+AI3-AH3 -> 376 | AK3: =+AJ3/(AG3+68+75-AL3) -> 5.9968102 | AL3: 103.9 | AM3: =+AI3 -> 354722 | AN3: 354722 | AO3: =+AN3-AM3 -> 0 | AP3: =+AO3/(AL3+68+75-AQ3) -> 0 | AQ3: 103.9
A4: =+A3+1 -> 2 | B4: ARMANDO QUISPE CORONADO | C4: COMPRESOR 4606 GAD | D4: SIN MOVIMIENTO | G4: 0 | H4: 201 | I4: SIN MOVIMIENTO | L4: =+K4/(24+268-201) -> 0 | N4: SIN MOVIMIENTO | O4: 43720 | Q4: =+P4/(24+268-201) -> 0 | R4: 201 | S4: =+O4 -> 43720 | T4: 43730 | U4: =+T4-S4 -> 10 | V4: =+U4/(R4+157-W4) -> 2 | W4: 353 | X4: =+T4 -> 43730 | Y4: SIN MOVIMIENTO | Z4: =+Y4-X4 -> #VALUE! | AA4: =+Z4/(W4+157-AB4) -> #VALUE! | AB4: 353 | AC4: 43730 | AD4: 43820 | AE4: =+AD4-AC4 -> 90 | AF4: =+AE4/(AB4+170-AG4) -> 1.0465116 | AG4: 437 | AH4: 43820 | AI4: 43820 | AJ4: SIN MOVIMIENTO | AK4: =+AJ4/(AG4-AL4) -> #VALUE! | AL4: 437 | AM4: 43820 | AN4: 43908 | AO4: =+AN4-AM4 -> 88 | AP4: =+AO4/(AL4-AQ4) -> 2 | AQ4: 393
A5: =+A4+1 -> 3 | B5: AUSBERTO SOTO MAMANI | C5: TOYOTA 4829 RLA | D5: 267576 | E5: 268475 | F5: 899 | G5: 6.4013102 | H5: 17.28 | I5: =+E5 -> 268475 | J5: 269884 | K5: =+J5-I5 -> 1409 | L5: =+K5/(17.28+60+100-17.28) -> 8.80625 | M5: 17.28 | N5: =+J5 -> 269884 | O5: 271672 | P5: =+O5-N5 -> 1788 | Q5: =+P5/(M5+28.74+71.23+76+64-R5) -> 7.3680307 | R5: 14.58 | S5: =+O5 -> 271672 | T5: 272870 | U5: =+T5-S5 -> 1198 | V5: =+U5/(R5+10+154.6+10+68.86-W5) -> 6.4019665 | W5: 70.91 | X5: =+T5 -> 272870 | Y5: 275450 | Z5: =+Y5-X5 -> 2580 | AA5: =+Z5/(W5+77.5+128.12+138-AB5) -> 6.4002381 | AB5: 11.42 | AC5: =+Y5 -> 275450 | AD5: 278115 | AE5: =+AD5-AC5 -> 2665 | AF5: =+AE5/(AB5+79+69+141.34+123-AG5) -> 6.4007109 | AG5: 7.4 | AH5: =+AD5 -> 278115 | AI5: 279218 | AJ5: =+AI5-AH5 -> 1103 | AK5: =+AJ5/(AG5+30+144.72-AL5) -> 6.4012536 | AL5: 9.81 | AM5: =+AI5 -> 279218 | AN5: 281250 | AO5: =+AN5-AM5 -> 2032 | AP5: =+AO5/(AL5+123+79+51.8+30-AQ5) -> 7.3233142 | AQ5: 16.14
A6: =+A5+1 -> 4 | B6: CELSO GALVAN POVEDA | C6: TOYOTA 4028 CGD | D6: 365218 | E6: 366120 | F6: 902 | G6: 3.9047619 | H6: 55 | I6: SIN MOVIMIENTO | J6: 366120 | K6: =+J6-I6 -> #VALUE! | L6: =+K6/(146+140-55) -> #VALUE! | M6: 55 | N6: =+J6 -> 366120 | O6: 366260 | P6: =+O6-N6 -> 140 | Q6: =+P6/(M6-R6) -> 4 | R6: 20 | S6: =+O6 -> 366260 | T6: 366840 | U6: =+T6-S6 -> 580 | V6: =+U6/(R6+80+120-W6) -> 3.8926174 | W6: 71 | X6: =+T6 -> 366840 | Y6: 367508 | Z6: =+Y6-X6 -> 668 | AA6: =+Z6/(W6+100+70-AB6) -> 3.8837209 | AB6: 69 | AC6: =+Y6 -> 367508 | AD6: 368850 | AE6: =+AD6-AC6 -> 1342 | AF6: =+AE6/(AB6+80+90+94-AG6) -> 4.2201258 | AG6: 15 | AH6: =+AD6 -> 368850 | AI6: 369585 | AJ6: =+AI6-AH6 -> 735 | AK6: =+AJ6/(AG6+114+100-AL6) -> 3.8684211 | AL6: 39 | AM6: =+AI6 -> 369585 | AN6: 370340 | AO6: =+AN6-AM6 -> 755 | AP6: =+AO6/(AL6+110+118-AQ6) -> 3.8917526 | AQ6: 73
A7: =+A6+1 -> 5 | B7: CELSO GALVAN POVEDA | C7: CAMION CISTERNA GAD 4608 | F7: 10 | G7: 0.03257329 | H7: 775 | I7: SIN MOVIMIENTO | K7: 10 | L7: =+K7/(604+478-775) -> 0.03257329 | N7: SIN MOVIMIENTO | P7: 10 | Q7: =+P7/(604+478-775) -> 0.03257329 | R7: 1190 | S7: SIN MOVIMIENTO | U7: 10 | V7: =+U7/(R7-W7) -> #DIV/0! | W7: 1190 | X7: SIN MOVIMIENTO | Z7: 10 | AA7: =+Z7/(W7-AB7) -> #DIV/0! | AB7: 1190 | AC7: SIN MOVIMIENTO | AE7: 10 | AF7: =+AE7/(AB7-AG7) -> #DIV/0! | AG7: 1190 | AH7: SIN MOVIMIENTO | AJ7: 10 | AK7: =+AJ7/(AG7-AL7) -> 0.1 | AL7: 1090 | AM7: SIN MOVIMIENTO | AO7: 0 | AP7: =+AO7/(AL7-AQ7) -> #DIV/0! | AQ7: 1090
A8: =+A7+1 -> 6 | B8: CELSO GALVAN POVEDA | C8: SINOTRUCK PERFORADOR 6448 IUS | F8: 187 | G8: 0.17093236 | H8: 189 | I8: SIN MOVIMIENTO | K8: 187 | L8: =+K8/(983+300-189) -> 0.17093236 | N8: SIN MOVIMIENTO | P8: 187 | Q8: =+P8/(983+300-189) -> 0.17093236 | R8: 89 | S8: SIN MOVIMIENTO | U8: 187 | V8: =+U8/(R8-W8) -> #DIV/0! | W8: 89 | X8: 3671 | Y8: 3757 | Z8: =+Y8-X8 -> 86 | AA8: =+Z8/(W8+750-AB8) -> 0.19815668 | AB8: 405 | AC8: =+Y8 -> 3757 | AD8: 3831 | AE8: =+AD8-AC8 -> 74 | AF8: =+AE8/(AB8-AG8) -> 0.26241135 | AG8: 123 | AH8: =+AD8 -> 3831 | AI8: 4025 | AJ8: =+AI8-AH8 -> 194 | AK8: =+AJ8/(AG8+744+100-AL8) -> 0.22045455 | AL8: 87 | AM8: =+AI8 -> 4025 | AN8: 4110 | AO8: =+AN8-AM8 -> 85 | AP8: =+AO8/(AL8+750-AQ8) -> 0.3024911 | AQ8: 556
A9: =+A8+1 -> 7 | B9: DANIEL MAMANI CHOQUE | C9: TOYOTA 2980 XPC | D9: 462002 | E9: 463577 | F9: 1575 | G9: 6.6046044 | H9: 117 | I9: =+E9 -> 463577 | J9: 464115 | K9: =+J9-I9 -> 538 | L9: =+K9/(62.43+30+30-32.8) -> 6.0024545 | M9: 32.8 | N9: =+J9 -> 464115 | O9: 464283 | P9: =+O9-N9 -> 168 | Q9: =+P9/(M9+28-R9) -> 5.5390702 | R9: 30.47
A10: =+A9+1 -> 8 | B10: DANIEL MAMANI CHOQUE | C10: TOYOTA 4829 RYF | N10: CAMBIO DE MOVILIDAD | R10: 50 | S10: 206276 | T10: 207605 | U10: =+T10-S10 -> 1329 | V10: =+U10/(R10+60+54+38+30-W10) -> 7.0384493 | W10: 43.18 | X10: =+T10 -> 207605 | Y10: 209042 | Z10: =+Y10-X10 -> 1437 | AA10: =+Z10/(W10+130+49-AB10) -> 7.100504 | AB10: 19.8 | AC10: =+Y10 -> 209042 | AD10: 210237 | AE10: =+AD10-AC10 -> 1195 | AF10: =+AE10/(AB10+30+30+110-AG10) -> 6.8995381 | AG10: 16.6 | AH10: =+AD10 -> 210237 | AI10: 211961 | AJ10: =+AI10-AH10 -> 1724 | AK10: =+AJ10/(AG10+30+50+60+30+68-AL10) -> 7.2013367 | AL10: 15.2 | AM10: =+AI10 -> 211961 | AN10: 212731 | AO10: =+AN10-AM10 -> 770 | AP10: =+AO10/(AL10+124-AQ10) -> 6.8848355 | AQ10: 27.36
A11: =+A10+1 -> 9 | B11: DAVID CRUZ ALIZARES | C11: TOYOTA 3616 BCD | E11: 381454 | F11: 0 | G11: 0 | H11: 76.3 | I11: =+E11 -> 381454 | J11: 382222 | K11: =+J11-I11 -> 768 | L11: =+K11/(56.76+70-8.65) -> 6.502413 | M11: 8.65 | N11: =+J11 -> 382222 | O11: 382454 | P11: =+O11-N11 -> 232 | Q11: =+P11/(M11+79.02-R11) -> 6.4913262 | R11: 51.93 | S11: =+O11 -> 382454 | T11: 383496 | U11: =+T11-S11 -> 1042 | V11: =+U11/(R11+73+92+69-W11) -> 6.5031517 | W11: 125.7 | X11: =+T11 -> 383496 | Y11: 384450 | Z11: =+Y11-X11 -> 954 | AA11: =+Z11/(W11+35+57+54-AB11) -> 6.5008518 | AB11: 124.95 | AC11: =+Y11 -> 384450 | AD11: 385905 | AE11: =+AD11-AC11 -> 1455 | AF11: =+AE11/(AB11+76+47.6-AG11) -> 6.50105 | AG11: 24.74 | AH11: =+AD11 -> 385905 | AI11: 386232 | AJ11: =+AI11-AH11 -> 327 | AK11: =+AJ11/(AG11+68.82+62-AL11) -> 6.5100538 | AL11: 105.33 | AM11: =+AI11 -> 386232 | AN11: 386820 | AO11: =+AN11-AM11 -> 588 | AP11: =+AO11/(AL11+75-AQ11) -> 6.4986737 | AQ11: 89.85
A12: =+A11+1 -> 10 | B12: EDGAR CORDERO CORDERO | C12: TOYOTA 2980 XSI | D12: 273682 | E12: 273956 | F12: 274 | G12: 5.4997993 | H12: 21.78 | I12: =+E12 -> 273956 | J12: 274157 | K12: =+J12-I12 -> 201 | L12: =+K12/(14.78+40-14.78) -> 5.025 | M12: 14.78 | N12: =+J12 -> 274157 | O12: 274336 | P12: =+O12-N12 -> 179 | Q12: =+P12/(M12+68.53-R12) -> 5 | R12: 47.51
A13: =+A11+1 -> 10 | B13: EDGAR CORDERO CORDERO | C13: TOYOTA 3772 UPB | D13: 446271 | E13: 446499 | F13: 228 | G13: 5.7 | H13: 61 | I13: CAMBIO DE MOVILIDAD | M13: 35 | N13: 447935 | O13: 447992 | P13: =+O13-N13 -> 57 | Q13: =+P13/(M13-R13) -> 4.9137931 | R13: 23.4 | S13: =+O13 -> 447992 | T13: 448905 | U13: =+T13-S13 -> 913 | V13: =+U13/(R13+63.97+69-W13) -> 6.4088165 | W13: 13.91
A14: =+A13+1 -> 11 | B14: EDGAR CORDERO CORDERO | C14: TOYOTA 4028 CUS | D14: 236886 | E14: 237285 | F14: 399 | G14: 4.8305085 | H14: 79.4 | I14: =+E14 -> 237285 | J14: 237469 | K14: =+J14-I14 -> 184 | L14: =+K14/(63.8+20+20-67) -> 5 | M14: 118 | N14: =+J14 -> 237469 | O14: 238892 | P14: =+O14-N14 -> 1423 | Q14: =+P14/(M14+30+31+92+60+21-R14) -> 5 | R14: 67.4 | S14: =+O14 -> 238892 | T14: 239075 | U14: =+T14-S14 -> 183 | V14: =+U14/(R14+53.17+27-W14) -> 4.9687755 | W14: 110.74 | X14: 239113 | Y14: 239850 | Z14: =+Y14-X14 -> 737 | AA14: =+Z14/(W14-35.74+113-AB14) -> 5.5 | AB14: 54 | AC14: =+Y14 -> 239850 | AD14: 240389 | AE14: =+AD14-AC14 -> 539 | AF14: =+AE14/(AB14+80-AG14) -> 5.6 | AG14: 37.75 | AH14: =+AD14 -> 240389 | AI14: 240822 | AJ14: =+AI14-AH14 -> 433 | AK14: =+AJ14/(AG14+82+83-AL14) -> 5 | AL14: 116.15 | AM14: =+AI14 -> 240822 | AN14: 241107 | AO14: =+AN14-AM14 -> 285 | AP14: =+AO14/(AL14+80+71-AQ14) -> 5 | AQ14: 210.15
A15: =+A12+1 -> 11 | B15: EDGAR MAMANI QUISPE | C15: TRACTO LOVOY 4833 TDF | D15: SIN MOVIMIENTO | E15: 18900 | F15: 18900 | G15: 1.5 | H15: 425 | I15: SIN MOVIMIENTO | J15: 18900 | K15: =+J15-I15 -> #VALUE! | L15: =+K15/(425-425) -> #VALUE! | M15: 425 | N15: =+J15 -> 18900 | O15: 20035 | P15: =+O15-N15 -> 1135 | Q15: =+P15/(M15+390-R15) -> 1.4993395 | R15: 58 | S15: =+O15 -> 20035 | T15: 20035 | U15: =+T15-S15 -> 0 | V15: =+U15/(R15-W15) -> #DIV/0! | W15: 58 | X15: =+T15 -> 20035 | Y15: 20035 | Z15: =+Y15-X15 -> 0 | AA15: =+Z15/(W15-AB15) -> #DIV/0! | AB15: 58 | AC15: =+Y15 -> 20035 | AD15: 20035 | AE15: =+AD15-AC15 -> 0 | AF15: =+AE15/(AB15-AG15) -> #DIV/0! | AG15: 58 | AH15: =+AD15 -> 20035 | AI15: 20035 | AJ15: =+AI15-AH15 -> 0 | AK15: =+AJ15/(AG15-AL15) -> #DIV/0! | AL15: 58 | AM15: =+AI15 -> 20035 | AN15: 20665 | AO15: =+AN15-AM15 -> 630 | AP15: =+AO15/(AL15+387-AQ15) -> 1.5 | AQ15: 25
A16: =+A15+1 -> 12 | B16: EDGAR MAMANI QUISPE | C16: CAMION ESTACA 4833 TFN | D16: 61877 | E16: 63310 | F16: 466 | G16: 0.9748954 | H16: 82 | I16: SIN MOVIMIENTO | K16: =+J16-I16 -> #VALUE! | L16: =+K16/(82-82) -> #VALUE! | M16: 425 | N16: 63310 | O16: 63310 | P16: =+O16-N16 -> 0 | Q16: =+P16/(M16+390-R16) -> 0 | R16: 82 | S16: =+O16 -> 63310 | T16: 63310 | U16: =+T16-S16 -> 0 | V16: =+U16/(R16-W16) -> #DIV/0! | W16: 82 | X16: =+T16 -> 63310 | Y16: SIN MOVIMIENTO | Z16: =+Y16-X16 -> #VALUE! | AA16: =+Z16/(W16-AB16) -> #VALUE! | AB16: 82 | AC16: 63310 | AD16: 63687 | AE16: =+AD16-AC16 -> 377 | AF16: =+AE16/(AB16+160-AG16) -> 5.4637681 | AG16: 173 | AH16: =+AD16 -> 63687 | AI16: 64792 | AJ16: =+AI16-AH16 -> 1105 | AK16: =+AJ16/(AG16+180-AL16) -> 3.4968354 | AL16: 37 | AM16: =+AI16 -> 64792 | AN16: 64792 | AO16: =+AN16-AM16 -> 0 | AP16: =+AO16/(AL16+180-AQ16) -> 0 | AQ16: 37
B17: EDGAR MAMANI QUISPE | C17: VOLQUETA 4506 XYY | I17: SIN MOVIMIENTO | N17: SIN MOVIMIENTO | O17: 92731 | R17: 80 | S17: =+O17 -> 92731 | T17: 93406 | U17: =+T17-S17 -> 675 | V17: =+U17/(R17+258-W17) -> 2.5 | W17: 68 | X17: =+T17 -> 93406 | Y17: 93406 | Z17: =+Y17-X17 -> 0 | AA17: =+Z17/(W17+258-AB17) -> 0 | AB17: 68 | AC17: =+Y17 -> 93406 | AD17: 93406 | AE17: =+AD17-AC17 -> 0 | AF17: =+AE17/(AB17+258-AG17) -> 0 | AG17: 68 | AH17: =+AD17 -> 93406 | AI17: 93406 | AJ17: =+AI17-AH17 -> 0 | AK17: =+AJ17/(AG17+258-AL17) -> 0 | AL17: 68 | AM17: =+AI17 -> 93406 | AN17: 93406 | AO17: =+AN17-AM17 -> 0 | AP17: =+AO17/(AL17+258-AQ17) -> 0 | AQ17: 68
A18: =+A16+1 -> 13 | B18: EDGAR PUQUI COPA | C18: TOYOTA 2859 NTA | D18: 244742 | E18: 245295 | F18: 553 | G18: 6.4997649 | H18: 0.71 | I18: =+E18 -> 245295 | J18: 245646 | K18: =+J18-I18 -> 351 | L18: =+K18/(0.71+10+30+20-6.71) -> 6.5 | M18: 6.71 | N18: =+J18 -> 245646 | O18: 245977 | P18: =+O18-N18 -> 331 | Q18: =+P18/(M18+20+43-R18) -> 6.5003928 | R18: 18.79 | S18: =+O18 -> 245977 | T18: 246200 | U18: =+T18-S18 -> 223 | V18: =+U18/(R18+38-W18) -> 6.4995628 | W18: 22.48 | X18: =+T18 -> 246200 | Y18: 246411 | Z18: =+Y18-X18 -> 211 | AA18: =+Z18/(W18+10+40-AB18) -> 6.5003081 | AB18: 40.02 | AC18: =+Y18 -> 246411 | AD18: 246581 | AE18: =+AD18-AC18 -> 170 | AF18: =+AE18/(AB18-AG18) -> 6.500956 | AG18: 13.87 | AH18: =+AD18 -> 246581 | AI18: 246809 | AJ18: =+AI18-AH18 -> 228 | AK18: =+AJ18/(AG18+38-AL18) -> 6.4994299 | AL18: 16.79 | AM18: =+AI18 -> 246809 | AN18: 246809 | AO18: =+AN18-AM18 -> 0 | AP18: =+AO18/(AL18+38-AQ18) -> 0 | AQ18: 16.79
A19: =+A18+1 -> 14 | B19: EDWIN CAMPOS BASAGOITIA | C19: TOYOTA 6000 CCS | D19: 71466 | E19: 72131 | F19: 665 | G19: 7 | H19: 104 | I19: =+E19 -> 72131 | J19: 73216 | K19: =+J19-I19 -> 1085 | L19: =+K19/(104+50+30-29) -> 7 | M19: 29 | N19: =+J19 -> 73216 | O19: 73874 | P19: =+O19-N19 -> 658 | Q19: =+P19/(M19+60.01+75-R19) -> 6.9992554 | R19: 70 | S19: =+O19 -> 73874 | T19: 74588 | U19: =+T19-S19 -> 714 | V19: =+U19/(R19+68-W19) -> 7 | W19: 36 | X19: =+T19 -> 74588 | Y19: 75211 | Z19: =+Y19-X19 -> 623 | AA19: =+Z19/(W19+59+67-AB19) -> 7 | AB19: 73 | AC19: =+Y19 -> 75211 | AD19: 76051 | AE19: =+AD19-AC19 -> 840 | AF19: =+AE19/(AB19+77+55-AG19) -> 7 | AG19: 85 | AH19: =+AD19 -> 76051 | AI19: 77136 | AJ19: =+AI19-AH19 -> 1085 | AK19: =+AJ19/(AG19+58+59-AL19) -> 7 | AL19: 47 | AM19: =+AI19 -> 77136 | AN19: 77836 | AO19: =+AN19-AM19 -> 700 | AP19: =+AO19/(AL19+67+74-AQ19) -> 7 | AQ19: 88
A20: =+A19+1 -> 15 | B20: EDWIN MOYA MENDOZA | C20: TOYOTA 2980 XIK | D20: 335659 | E20: 335959 | F20: 300 | G20: 5.604334 | H20: 110.41 | I20: =+E20 -> 335959 | J20: 336176 | K20: =+J20-I20 -> 217 | L20: =+K20/(110.41-71.69) -> 5.6043388 | M20: 71.69 | N20: =+J20 -> 336176 | O20: 336378 | P20: =+O20-N20 -> 202 | Q20: =+P20/(M20+30+30-R20) -> 5.6064391 | R20: 95.66 | S20: =+O20 -> 336378 | T20: 336728 | U20: =+T20-S20 -> 350 | V20: =+U20/(R20+44-W20) -> 5.6044836 | W20: 77.21 | X20: =+T20 -> 336728 | Y20: 336878 | Z20: =+Y20-X20 -> 150 | AB20: 80.45 | AC20: =+Y20 -> 336878 | AD20: 337106 | AE20: =+AD20-AC20 -> 228 | AF20: =+AE20/(AB20+30+30-AG20) -> 5.6074766 | AG20: 99.79 | AH20: =+AD20 -> 337106 | AI20: 337339 | AJ20: =+AI20-AH20 -> 233 | AK20: =+AJ20/(AG20+30-AL20) -> 5.1051709 | AL20: 84.15 | AM20: =+AI20 -> 337339 | AN20: 337553 | AO20: =+AN20-AM20 -> 214 | AP20: =+AO20/(AL20+30+30-AQ20) -> 5.1013111 | AQ20: 102.2
A21: =+A20+1 -> 16 | B21: EDWIN QUISPE VELIZ | C21: NISSAN 2731 YDI | D21: 422544 | E21: 422802 | F21: 258 | G21: 4.7777778 | H21: 15 | I21: SIN MOVIMIENTO | J21: 422802 | K21: =+J21-I21 -> #VALUE! | L21: =+K21/(15-15) -> #VALUE! | M21: 15 | N21: =+J21 -> 422802 | O21: 422879 | P21: =+O21-N21 -> 77 | Q21: =+P21/(M21+130-R21) -> 4.8125 | R21: 129 | S21: =+O21 -> 422879 | T21: 423046 | U21: =+T21-S21 -> 167 | V21: =+U21/(R21-W21) -> 4.7714286 | W21: 94 | X21: =+T21 -> 423046 | Y21: 423365 | Z21: =+Y21-X21 -> 319 | AA21: =+Z21/(W21-AB21) -> 4.8333333 | AB21: 28 | AC21: =+Y21 -> 423365 | AD21: 423907 | AE21: =+AD21-AC21 -> 542 | AF21: =+AE21/(AB21+117-AG21) -> 4.7964602 | AG21: 32 | AH21: =+AD21 -> 423907 | AI21: 424033 | AJ21: =+AI21-AH21 -> 126 | AK21: =+AJ21/(AG21-AL21) -> 5.04 | AL21: 7 | AM21: =+AI21 -> 424033 | AN21: 424511 | AO21: =+AN21-AM21 -> 478 | AP21: =+AO21/(AL21+123-AQ21) -> 4.877551 | AQ21: 32
A22: =+A21+1 -> 17 | B22: EDWIN QUISPE VELIZ | C22: VOLQUETA 4833 TGS | D22: SIN MOVIMIENTO | E22: 50953 | F22: 50953 | G22: 2.5 | H22: 10 | I22: SIN MOVIMIENTO | J22: 50923 | K22: =+J22-I22 -> #VALUE! | L22: =+K22/(10-10) -> #VALUE! | M22: 10 | N22: =+J22 -> 50923 | O22: 51343 | P22: =+O22-N22 -> 420 | Q22: =+P22/(M22+212-R22) -> 2.5 | R22: 54 | S22: =+O22 -> 51343 | T22: 51685 | U22: =+T22-S22 -> 342 | V22: =+U22/(R22+100-W22) -> 2.4963504 | W22: 17 | X22: =+T22 -> 51685 | Y22: SIN MOVIMIENTO | Z22: =+Y22-X22 -> #VALUE! | AA22: =+Z22/(W22+100-AB22) -> #VALUE! | AB22: 17 | AC22: 51685 | AD22: 51685 | AE22: =+AD22-AC22 -> 0 | AF22: =+AE22/(AB22+100-AG22) -> 0 | AG22: 17 | AH22: 51685 | AI22: 51685 | AJ22: =+AI22-AH22 -> 0 | AK22: =+AJ22/(AG22+100-AL22) -> 0 | AL22: 17 | AM22: 51685 | AN22: 51685 | AO22: =+AN22-AM22 -> 0 | AP22: =+AO22/(AL22+100-AQ22) -> 0 | AQ22: 17
A23: =+A22+1 -> 18 | B23: EFRAIN CUSIPUMA MARINO | C23: TOYOTA 1843 YRG | H23: 13 | I23: 0 | J23: 0 | K23: SIN MOVIMIENTO | L23: 6 | M23: 13 | N23: SIN MOVIMIENTO | Q23: 6
A24: =+A23+1 -> 19 | B24: EFRAIN CUSIPUMA MARINO | C24: CISTERNA 4687 BBS | F24: 130 | G24: 2.5 | H24: 361.9 | I24: 40604 | J24: 40604 | K24: SIN MOVIMIENTO | L24: 2.5 | M24: 361.9 | N24: SIN MOVIMIENTO | Q24: 2.5 | R24: 362
A25: =+A24+1 -> 20 | B25: EFRAIN LLAVE VARGAS | C25: TOYOTA 3027 SZI | D25: 273949 | E25: 273974 | F25: 25 | G25: 6.25 | H25: 56.1 | I25: SIN MOVIMIENTO | J25: 273974 | K25: =+J25-I25 -> #VALUE! | L25: =+K25/(17+43.1-56.1) -> #VALUE! | M25: 56.1 | N25: =+J25 -> 273974 | O25: 275624 | P25: =+O25-N25 -> 1650 | Q25: =+P25/(M25+74.5+50+80-R25) -> 6.6909976 | R25: 14 | S25: =+O25 -> 275624 | T25: 275651 | U25: =+T25-S25 -> 27 | V25: =+U25/(R25+73-50-W25) -> 6.75 | W25: 33 | X25: =+T25 -> 275651 | Y25: 276784 | Z25: =+Y25-X25 -> 1133 | AA25: =+Z25/(W25+67.5+123-AB25) -> 6.7240356 | AB25: 55 | AC25: =+Y25 -> 276784 | AD25: 276826 | AE25: =+AD25-AC25 -> 42 | AF25: =+AE25/(AB25-AG25) -> 7 | AG25: 49 | AH25: =+AD25 -> 276826 | AI25: 277267 | AJ25: =+AI25-AH25 -> 441 | AK25: =+AJ25/(AG25+56-AL25) -> 6.6818182 | AL25: 39 | AM25: =+AI25 -> 277267 | AN25: 277267 | AO25: =+AN25-AM25 -> 0 | AP25: =+AO25/(AL25+56-AQ25) -> 0 | AQ25: 39
B26: EFRAIN LLAVE VARGAS | C26: CISTERNA WOSBAGUEN 4516 NEX | S26: SIN MOVIMIENTO | X26: SIN MOVIMIENTO | AB26: 130 | AC26: 24178 | AD26: 24354 | AE26: =+AD26-AC26 -> 176 | AF26: =+AE26/(AB26+100-AG26) -> 3.3846154 | AG26: 178 | AH26: =+AD26 -> 24354 | AI26: 24463 | AJ26: =+AI26-AH26 -> 109 | AK26: =+AJ26/(AG26-AL26) -> 3.3030303 | AL26: 145 | AM26: =+AI26 -> 24463 | AN26: 24508 | AO26: =+AN26-AM26 -> 45 | AP26: =+AO26/(AL26-AQ26) -> 3.2142857 | AQ26: 131
B27: EFRAIN LLAVE VARGAS | C27: VOLQUETA 2913 FEA | S27: SIN MOVIMIENTO | X27: SIN MOVIMIENTO | AB27: 155 | AC27: 1311674 | AD27: 1312481 | AE27: =+AD27-AC27 -> 807 | AF27: =+AE27/(AB27+244-AG27) -> 2.498452 | AG27: 76 | AH27: =+AD27 -> 1312481 | AI27: 1312536 | AJ27: =+AI27-AH27 -> 55 | AK27: =+AJ27/(AG27-AL27) -> 2.5 | AL27: 54 | AM27: =+AI27 -> 1312536 | AN27: 1312536 | AO27: =+AN27-AM27 -> 0 | AP27: =+AO27/(AL27-AQ27) -> #DIV/0! | AQ27: 54
B28: EFRAIN LLAVE VARGAS | C28: CISTERNA 4833 TEI | S28: SIN MOVIMIENTO | X28: 14156 | Y28: 14156 | AB28: 48 | AC28: =+Y28 -> 14156 | AD28: 14156 | AE28: =+AD28-AC28 -> 0 | AF28: =+AE28/(AB28+100-AG28) -> 0 | AG28: 48 | AH28: =+AD28 -> 14156 | AI28: 14156 | AJ28: =+AI28-AH28 -> 0 | AK28: =+AJ28/(AG28+100-AL28) -> 0 | AL28: 48 | AM28: =+AI28 -> 14156 | AN28: 14156 | AO28: =+AN28-AM28 -> 0 | AP28: =+AO28/(AL28-AQ28) -> #DIV/0! | AQ28: 48
B29: EFRAIN LLAVE VARGAS | C29: VOLQUETA 2913 FFD | S29: SIN MOVIMIENTO | X29: 14156 | Y29: 14156 | AB29: 48 | AC29: SIN MOVIMIENTO | AH29: SIN MOVIMIENTO en mantenimiento | AM29: 69716 | AN29: 69716 | AO29: =+AN29-AM29 -> 0 | AP29: =+AO29/(AL29-AQ29) -> 0 | AQ29: 20
A30: =+A25+1 -> 21 | B30: EFRAIN QUISPE CONDORI | C30: TOYOTA 2859 NRR | F30: 466 | G30: 5.997426 | H30: 29.6 | K30: 259 | L30: =+K30/(17.3+30-7.5) -> 6.5075377 | M30: 7.5 | N30: =+J30 | O30: 366 | P30: =+O30-N30 -> #VALUE! | Q30: =+P30/(M30+30+30-R30) -> #VALUE! | R30: 11.2 | S30: =+O30 -> 366 | T30: =+S30+365 -> 731 | U30: =+T30-S30 -> 365 | V30: =+U30/(R30+30+30-W30) -> 6.4946619 | W30: 15 | X30: 0 | Y30: 232 | Z30: =+Y30-X30 -> 232 | AA30: =+Z30/(W30+30-AB30) -> 6.4985994 | AB30: 9.3 | AC30: 0 | AD30: 499 | AE30: =+AD30-AC30 -> 499 | AF30: =+AE30/(AB30+30+30+30-AG30) -> 7.0182841 | AG30: 28.2 | AH30: 0 | AI30: 437 | AJ30: =+AI30-AH30 -> 437 | AK30: =+AJ30/(AG30+30+30-AL30) -> 6.4076246 | AL30: 20 | AM30: 0 | AN30: 399 | AO30: =+AN30-AM30 -> 399 | AP30: =+AO30/(AL30+30+30-AQ30) -> 6.4563107 | AQ30: 18.2
B31: EFRAIN QUISPE CONDORI (LUIS MIGUEL RAMIREZ) | C31: TOYOTA 1142 DDK | N31: 0 | O31: 710 | P31: =+O31-N31 -> 710 | Q31: =+P31/(M31+150-R31) -> 5.5993691 | R31: 23.2 | S31: =+O31 -> 710 | U31: =+T31-S31 -> -710 | V31: =+U31/(R31+73-50-W31) -> -53.787879 | W31: 33 | X31: SIN MOVIMIENTO | AB31: 23.2 | AC31: 0 | AD31: 450 | AE31: =+AD31-AC31 -> 450 | AF31: =+AE31/(AB31+79.92-AG31) -> 4.9988891 | AG31: 13.1 | AH31: 0 | AI31: 0 | AJ31: =+AI31-AH31 -> 0 | AK31: =+AJ31/(AG31+79.92-AL31) -> 0 | AL31: 13.1 | AM31: 0 | AN31: 0 | AO31: =+AN31-AM31 -> 0 | AP31: =+AO31/(AL31+79.92-AQ31) -> 0 | AQ31: 13.1
A32: =+A30+1 -> 22 | B32: ELIAS VERA GUERRA | C32: TOYOTA XHG | D32: 446355 | E32: 446584 | F32: 229 | G32: 6.5001419 | H32: 26.75 | I32: =+E32 -> 446584 | J32: 446764 | K32: =+J32-I32 -> 180 | L32: =+K32/(26.75+40-39.06) -> 6.5005417 | M32: 39.06 | N32: =+J32 -> 446764 | O32: 448046 | P32: =+O32-N32 -> 1282 | Q32: =+P32/(M32+127.52+43.1-R32) -> 6.5000254 | R32: 12.45 | S32: =+O32 -> 448046 | T32: 448900 | U32: =+T32-S32 -> 854 | V32: =+U32/(R32+64+71.71-W32) -> 6.5002283 | W32: 16.78 | X32: =+T32 -> 448900 | Y32: 449689 | Z32: =+Y32-X32 -> 789 | AA32: =+Z32/(W32+56+50.3-AB32) -> 6.5002472 | AB32: 1.7 | AC32: =+Y32 -> 449689 | AD32: 450287 | AE32: =+AD32-AC32 -> 598 | AF32: =+AE32/(AB32+74+20-AG32) -> 6.5 | AG32: 3.7 | AH32: =+AD32 -> 450287 | AI32: 450501 | AJ32: =+AI32-AH32 -> 214 | AK32: =+AJ32/(AG32+76.51-AL32) -> 6.5006075 | AL32: 47.29 | AM32: =+AI32 -> 450501 | AN32: 450989 | AO32: =+AN32-AM32 -> 488 | AP32: =+AO32/(AL32+49.6-AQ32) -> 6.4997336 | AQ32: 21.81
A33: =+A32+1 -> 23 | B33: EMETERIO PEÑAS LIMACHI | C33: NISSAN 2721 GFP | D33: 303210 | E33: 303384 | F33: 174 | G33: 6.0020697 | H33: 17.01 | I33: SIN MOVIMIENTO en mantenimiento | J33: 303384 | M33: 17.1 | N33: =+J33 -> 303384 | O33: 303497 | P33: =+O33-N33 -> 113 | Q33: =+P33/(M33-R33) -> 6.9667078 | R33: 0.88 | S33: =+O33 -> 303497 | T33: 303840 | U33: =+T33-S33 -> 343 | V33: =+U33/(R33+55+41-W33) -> 6.0017498 | W33: 39.73 | X33: =+T33 -> 303840 | Y33: 304201 | Z33: =+Y33-X33 -> 361 | AA33: =+Z33/(W33+30+37-AB33) -> 6.0006649 | AB33: 46.57 | AC33: =+Y33 -> 304201 | AD33: 304996 | AE33: =+AD33-AC33 -> 795 | AF33: =+AE33/(AB33+47+40+41-AG33) -> 6.0009058 | AG33: 42.09 | AH33: =+AD33 -> 304996 | AI33: 304996 | AJ33: =+AI33-AH33 -> 0 | AK33: =+AJ33/(AG33+47+40+41-AL33) -> 0 | AL33: 42.09 | AM33: =+AI33 -> 304996 | AN33: 304996 | AO33: =+AN33-AM33 -> 0 | AP33: =+AO33/(AL33+47+40+41-AQ33) -> 0 | AQ33: 42.09
A34: =+A33+1 -> 24 | B34: EMETERIO PEÑAS LIMACHI | C34: TOYOTA 4829 RUY | D34: 259339 | E34: 260224 | F34: 885 | G34: 7.0004746 | H34: 38.3 | I34: SIN MOVIMIENTO en mantenimiento | N34: SIN MOVIMIENTO en mantenimiento | S34: SIN MOVIMIENTO en mantenimiento | X34: SIN MOVIMIENTO en mantenimiento | AC34: SIN MOVIMIENTO en mantenimiento | AH34: SIN MOVIMIENTO en mantenimiento | AM34: SIN MOVIMIENTO en mantenimiento
A35: =+A34+1 -> 25 | B35: ERNESTO QUISPE FLORES | C35: TOYOTA 4829 RKU | D35: 242118 | E35: 242944 | F35: 826 | G35: 7.0029674 | H35: 94.35 | I35: =+E35 -> 242944 | J35: 243158 | K35: =+J35-I35 -> 214 | L35: =+K35/(94.35-60.43) -> 6.3089623 | M35: 60.43 | N35: =+J35 -> 243158 | O35: 244620 | P35: =+O35-N35 -> 1462 | Q35: =+P35/(M35+20+55+110-R35) -> 7.0012451 | R35: 36.61 | S35: =+O35 -> 244620 | T35: 245597 | U35: =+T35-S35 -> 977 | V35: =+U35/(R35+58+49+60+21-W35) -> 6.9696105 | W35: 84.43 | X35: =+T35 -> 245597 | Y35: 247426 | Z35: =+Y35-X35 -> 1829 | AA35: =+Z35/(W35+132+110-AB35) -> 7.000689 | AB35: 65.17 | AC35: =+Y35 -> 247426 | AD35: 249658 | AE35: =+AD35-AC35 -> 2232 | AF35: =+AE35/(AB35+66+138+105+36-AG35) -> 7.0008155 | AG35: 91.35 | AH35: =+AD35 -> 249658 | AI35: 250068 | AJ35: =+AI35-AH35 -> 410 | AK35: =+AJ35/(AG35+45-AL35) -> 6.3057521 | AL35: 71.33 | AM35: =+AI35 -> 250068 | AN35: 250584 | AO35: =+AN35-AM35 -> 516 | AP35: =+AO35/(AL35+41-AQ35) -> 6.7030398 | AQ35: 35.35
B36: GABRIEL CHUCAMANI | C36: TOYOTA 2980 XTL | I36: EN MANTENIMEINTO | N36: EN MANTENIMEINTO | S36: EN MANTENIMEINTO | X36: EN MANTENIMEINTO | AB36: 20 | AC36: 491667 | AD36: 491667 | AE36: =+AD36-AC36 -> 0 | AF36: =+AE36/(AB36+102-AG36) -> 0 | AG36: 42.3 | AH36: =+AD36 -> 491667 | AI36: 493764 | AJ36: =+AI36-AH36 -> 2097 | AK36: =+AJ36/(AG36+94+52+144-AL36) -> 6.9002962 | AL36: 28.4 | AM36: =+AI36 -> 493764 | AN36: 494513 | AO36: =+AN36-AM36 -> 749 | AP36: =+AO36/(AL36+59+60+52-AQ36) -> 6.2003311 | AQ36: 78.6
A37: =+A35+1 -> 26 | B37: GERARDO CHOQUE MAMANI | C37: TOYOTA 3772 UTL | D37: 342083 | E37: 342091 | F37: 8 | G37: 5.5172414 | H37: 51.75 | I37: 342091 | J37: MANTENIMIENTO | K37: =+J37-I37 -> #VALUE! | L37: =+K37/(51.75) -> #VALUE! | M37: 51.75 | N37: =+J37 -> MANTENIMIENTO | O37: 342091 | P37: =+O37-N37 -> #VALUE! | Q37: =+P37/(M37-R37) -> #VALUE! | R37: 51.75 | S37: MANTENIMIENTO | U37: =+T37-S37 -> #VALUE! | V37: =+U37/(R37-W37) -> #VALUE! | W37: 51.75 | X37: 342091 | Y37: 342091 | Z37: =+Y37-X37 -> 0 | AA37: =+Z37/(W37-AB37) -> #DIV/0! | AB37: 51.75 | AC37: 342091 | AD37: 342091 | AE37: =+AD37-AC37 -> 0 | AF37: =+AE37/(AB37-AG37) -> #DIV/0! | AG37: 51.75 | AH37: 342091 | AI37: 342091 | AJ37: =+AI37-AH37 -> 0 | AK37: =+AJ37/(AG37-AL37) -> #DIV/0! | AL37: 51.75 | AM37: 342091 | AN37: 342091 | AO37: =+AN37-AM37 -> 0 | AP37: =+AO37/(AL37-AQ37) -> #DIV/0! | AQ37: 51.75
A38: =+A37+1 -> 27 | B38: GUZMAN LOPEZ LLANOS | C38: TOYOTA 3786 LNL | D38: 393247 | E38: 394478 | F38: 1231 | G38: 6.5001584 | H38: 52.01 | I38: =+E38 -> 394478 | J38: 394585 | K38: =+J38-I38 -> 107 | L38: =+K38/(52.01+30-65.55) -> 6.5006075 | M38: 65.55 | N38: =+J38 -> 394585 | O38: 396100 | P38: =+O38-N38 -> 1515 | Q38: =+P38/(65.55+150.17+30+70.68-87.32) -> 6.6134102 | R38: 87.32 | S38: =+O38 -> 396100 | T38: 397891 | U38: =+T38-S38 -> 1791 | V38: =+U38/(R38+45+70.87+30+72-W38) -> 6.4999637 | W38: 29.65 | X38: =+T38 -> 397891 | Y38: 398982 | Z38: =+Y38-X38 -> 1091 | AA38: =+Z38/(W38+142+84-AB38) -> 6.4998511 | AB38: 87.8 | AC38: =+Y38 -> 398982 | AD38: 400416 | AE38: =+AD38-AC38 -> 1434 | AF38: =+AE38/(AB38+100+30+30-AG38) -> 6.499864 | AG38: 27.18 | AH38: =+AD38 -> 400416 | AI38: 401845 | AJ38: =+AI38-AH38 -> 1429 | AK38: =+AJ38/(AG38+30+65+30+93.8+30.65-AL38) -> 9.1897106 | AL38: 121.13 | AM38: =+AI38 -> 401845 | AN38: 403238 | AO38: =+AN38-AM38 -> 1393 | AP38: =+AO38/(AL38+68+30+30-AQ38) -> 6.49993 | AQ38: 34.82
A39: =+A38+1 -> 28 | B39: HERNAN CHOQUE CONDORI | C39: CAMION IVECO GRUA 4710 DUK | F39: 0 | G39: 0 | H39: 89 | I39: SIN MOVIMIENTO | J39: 38390 | K39: =+J39-I39 -> #VALUE! | L39: =+K39/(297-89) -> #VALUE! | M39: 89 | N39: =+J39 -> 38390 | O39: 38400 | P39: =+O39-N39 -> 10 | Q39: =+P39/(M39+425-R39) -> 2 | R39: 509 | S39: =+O39 -> 38400 | T39: 38400 | U39: =+T39-S39 -> 0 | V39: =+U39/(R39+425-W39) -> 0 | W39: 509 | X39: =+T39 -> 38400 | Y39: SIN MOVIMIENTO | Z39: =+Y39-X39 -> #VALUE! | AA39: =+Z39/(W39+425-AB39) -> #VALUE! | AB39: 509 | AC39: 38400 | AD39: 39226 | AE39: =+AD39-AC39 -> 826 | AF39: =+AE39/(AB39-AG39) -> 1.8034934 | AG39: 51 | AH39: =+AD39 -> 39226 | AI39: 39460 | AJ39: =+AI39-AH39 -> 234 | AK39: =+AJ39/(AG39+242-AL39) -> 1.5 | AL39: 137 | AM39: =+AI39 -> 39460 | AN39: 39929 | AO39: =+AN39-AM39 -> 469 | AP39: =+AO39/(AL39+457-AQ39) -> 1.8038462 | AQ39: 334
A40: =+A39+1 -> 29 | B40: HIBERTH ALCOBA MAMANI | C40: TOYOTA 3027 SYF | D40: 431326 | E40: 432561 | F40: 1235 | G40: 5.8425584 | H40: 23.67 | I40: =+E40 -> 432561 | J40: 432661 | K40: =+J40-I40 -> 100 | L40: =+K40/(23.67-7.01) -> 6.002401 | M40: 7.01 | N40: =+J40 -> 432661 | O40: 433596 | P40: =+O40-N40 -> 935 | Q40: =+P40/(M40+30+81.7+100-R40) -> 5.9985886 | R40: 62.84 | S40: =+O40 -> 433596 | T40: 435513 | U40: =+T40-S40 -> 1917 | V40: =+U40/(R40+65.64+69.91+78+93-W40) -> 6.0020664 | W40: 50 | X40: =+T40 -> 435513 | Y40: 436459 | Z40: =+Y40-X40 -> 946 | AA40: =+Z40/(W40+76+67-AB40) -> 6.0025381 | AB40: 35.4 | AC40: =+Y40 -> 436459 | AD40: 437759 | AE40: =+AD40-AC40 -> 1300 | AF40: =+AE40/(AB40+73+85+65-AG40) -> 6.1937205 | AG40: 48.51 | AH40: =+AD40 -> 437759 | AI40: 438774 | AJ40: =+AI40-AH40 -> 1015 | AK40: =+AJ40/(AG40+61+81+76-AL40) -> 6.0294642 | AL40: 98.17 | AM40: =+AI40 -> 438774 | AN40: 438774 | AO40: =+AN40-AM40 -> 0 | AP40: =+AO40/(AL40+61+81+76-AQ40) -> 0 | AQ40: 98.17
A41: =+A40+1 -> 30 | B41: HUMBERTO AGUILAR ESTRADA | C41: CAM.PERFORADOR SINOTRUK 3759 EZD | F41: 10 | G41: 1.4005602 | H41: 570.63 | I41: SIN MOVIMIENTO | K41: 0 | L41: =+K41/(1117.77+460-1000-570.63) -> 0 | M41: 570.63 | N41: SIN MOVIMIENTO | P41: 0 | Q41: =+P41/(1117.77+460-1000-570.63) -> 0 | R41: 570.63 | S41: SIN MOVIMIENTO | U41: 0 | V41: =+U41/(1117.77+460-1000-570.63) -> 0 | W41: 570.63 | X41: =+T41 -> 0 | Y41: SIN MOVIMIENTO | Z41: 0 | AA41: =+Z41/(1117.77+460-1000-570.63) -> 0 | AB41: 570.63 | AC41: =+Y41 -> SIN MOVIMIENTO | AD41: SIN MOVIMIENTO | AE41: 0 | AF41: =+AE41/(1117.77+460-1000-570.63) -> 0 | AG41: 570.63 | AH41: =+AD41 -> SIN MOVIMIENTO | AI41: SIN MOVIMIENTO | AJ41: 0 | AK41: =+AJ41/(1117.77+460-1000-570.63) -> 0 | AL41: 570.63 | AM41: =+AI41 -> SIN MOVIMIENTO | AN41: SIN MOVIMIENTO | AO41: 0 | AP41: =+AO41/(1117.77+460-1000-570.63) -> 0 | AQ41: 570.63
A42: =+A41+1 -> 31 | B42: HUMBERTO AGUILAR ESTRADA | C42: TOYOTA 1642 GYT | D42: 331835 | E42: 333446 | F42: 1611 | G42: 4 | H42: 19.94 | I42: =+E42 -> 333446 | J42: 333769 | K42: =+J42-I42 -> 323 | L42: =+K42/(19.94+40+40-19.19) -> 4 | M42: 19.19 | N42: =+J42 -> 333769 | O42: 334676 | P42: =+O42-N42 -> 907 | Q42: =+P42/(19.19+43.1+30+154-19.54) -> 4 | R42: 19.54 | S42: =+O42 -> 334676 | T42: 335444 | U42: =+T42-S42 -> 768 | V42: =+U42/(R42+147+143-W42) -> 4 | W42: 117.54 | X42: =+T42 -> 335444 | Y42: 336735 | Z42: =+Y42-X42 -> 1291 | AA42: =+Z42/(W42+92.18+60-AB42) -> 5 | AB42: 11.52 | AC42: =+Y42 -> 336735 | AD42: 338109 | AE42: =+AD42-AC42 -> 1374 | AF42: =+AE42/(AB42+106.04+159.13-AG42) -> 6.4407256 | AG42: 63.36 | AH42: =+AD42 -> 338109 | AI42: 338193 | AJ42: =+AI42-AH42 -> 84 | AK42: =+AJ42/(AG42-AL42) -> 4.5016077 | AL42: 44.7 | AM42: =+AI42 -> 338193 | AN42: 338760 | AO42: =+AN42-AM42 -> 567 | AP42: =+AO42/(AL42+132-AQ42) -> 4.5 | AQ42: 50.7
A43: =+A42+1 -> 32 | B43: HUMBERTO AGUILAR ESTRADA | C43: CAMION VOLQUETA HINO 1336 UNS | F43: 336 | G43: 3 | H43: 36.55 | I43: SIN MOVIMIENTO | K43: 0 | L43: =+K43/(148.55-36.55) -> 0 | M43: 36.55 | N43: 0 | O43: 1 | P43: =+O43-N43 -> 1 | Q43: =+P43/(36.55+286.22-319.44) -> 0.3003003 | R43: 319.44 | S43: SIN MOVIMIENTO | U43: 0 | V43: =+U43/(1117.77+460-1000-570.63) -> 0 | W43: 319.44 | X43: 0 | Y43: 286 | Z43: =+Y43-X43 -> 286 | AA43: =+Z43/(W43+-AB43) -> 3.0001049 | AB43: 224.11 | AC43: 0 | AD43: 286 | AE43: =+AD43-AC43 -> 286 | AF43: =+AE43/(AB43+-AG43) -> 3.0001049 | AG43: 128.78 | AH43: 0 | AI43: 0 | AJ43: =+AI43-AH43 -> 0 | AK43: =+AJ43/(AG43+-AL43) -> #DIV/0! | AL43: 128.78 | AM43: 0 | AN43: 520 | AO43: =+AN43-AM43 -> 520 | AP43: =+AO43/(AL43+354.59-AQ43) -> 3.0000577 | AQ43: 310.04
A44: =+A43+1 -> 33 | B44: IVAN DELGADO JANCKO | C44: TOYOTA 5678 XFD | D44: 143069 | E44: 143519 | F44: 450 | G44: 6 | H44: 82 | I44: VEHICULO SINIESTRADO
A45: =+A43+1 -> 33 | B45: IVAN DELGADO JANCKO | C45: NISSAN 3799 HIK | D45: 258440 | F45: 973 | G45: 7.003527 | H45: 16.33 | I45: =+E45 | K45: =+J45-I45 -> #VALUE! | L45: =+K45/(92.26+63-16.33) -> #VALUE! | AC45: 259413 | AD45: 259889 | AE45: =+AD45-AC45 -> 476 | AF45: =+AE45/(AB45+65+60-AG45) -> 7 | AG45: 57 | AH45: =+AD45 -> 259889 | AI45: 260894 | AJ45: =+AI45-AH45 -> 1005 | AK45: =+AJ45/(AG45+46+86+20-AL45) -> 7.0000697 | AL45: 65.43 | AM45: =+AI45 -> 260894 | AN45: 260894 | AO45: =+AN45-AM45 -> 0 | AP45: =+AO45/(AL45+46+86+20-AQ45) -> 0 | AQ45: 65.43
A46: =+A44+1 -> 34 | B46: JAVIER CHOQUE COLQUE | C46: TOYOTA 3869 IRB | D46: 461392 | E46: 461946 | F46: 554 | G46: 6.9984841 | H46: 62.5 | I46: =+E46 -> 461946 | J46: 462420 | K46: =+J46-I46 -> 474 | L46: =+K46/(62.5+40-36.67) -> 7.2003646 | M46: 36.7 | N46: =+J46 -> 462420 | O46: 464698 | P46: =+O46-N46 -> 2278 | Q46: =+P46/(M46+75.15+15.8+130+69-R46) -> 7.1992921 | R46: 10.23 | S46: =+O46 -> 464698 | T46: 466811 | U46: =+T46-S46 -> 2113 | V46: =+U46/(R46+20+68.59+65+62+78-W46) -> 7.2000545 | W46: 10.35 | X46: =+T46 -> 466811 | Y46: 467389 | Z46: =+Y46-X46 -> 578 | AA46: =+Z46/(W46+30+70.62-AB46) -> 7.3007452 | AB46: 31.8 | AC46: =+Y46 -> 467389 | AD46: 470076 | AE46: =+AD46-AC46 -> 2687 | AF46: =+AE46/(AB46+30+120+75+130-AG46) -> 7.2996468 | AG46: 18.7 | AH46: =+AD46 -> 470076 | AI46: 472225 | AJ46: =+AI46-AH46 -> 2149 | AK46: =+AJ46/(AG46+70+30+67+130-AL46) -> 7.2995924 | AL46: 21.3 | AM46: =+AI46 -> 472225 | AN46: 474030 | AO46: =+AN46-AM46 -> 1805 | AP46: =+AO46/(AL46+57.43+68+50.87+61-AQ46) -> 7.3017799 | AQ46: 11.4
A47: =+A46+1 -> 35 | B47: JOSE MAMUEL CABEZAS CORDOVA | C47: TOYOTA 3772 ULS | D47: 420566 | E47: 421279 | F47: =+E47-D47 -> 713 | G47: =+F47/(64+40+105-H47) -> 4.672346 | H47: 56.4 | I47: =+E47 -> 421279 | J47: 421341 | K47: =+J47-I47 -> 62 | L47: =+K47/(H47+40-M47) -> 5 | M47: 84 | N47: =+J47 -> 421341 | O47: 423200 | P47: =+O47-N47 -> 1859 | Q47: =+P47/(M47+60+60+96+150.2-R47) -> 5 | R47: 78.4 | S47: =+O47 -> 423200 | T47: 423662 | U47: =+T47-S47 -> 462 | V47: =+U47/(R47+79.76-W47) -> 5 | W47: 65.76 | X47: =+T47 -> 423662 | Y47: 424431 | Z47: =+Y47-X47 -> 769 | AA47: =+Z47/(W47+106-AB47) -> 5 | AB47: 17.96 | AC47: =+Y47 -> 424431 | AD47: 425301 | AE47: =+AD47-AC47 -> 870 | AF47: =+AE47/(AB47+105+107-AG47) -> 6.8938193 | AG47: 103.76 | AH47: =+AD47 -> 425301 | AI47: 425697 | AJ47: =+AI47-AH47 -> 396 | AK47: =+AJ47/(AG47-AL47) -> 5 | AL47: 24.56 | AM47: =+AI47 -> 425697 | AN47: 425999 | AO47: =+AN47-AM47 -> 302 | AP47: =+AO47/(AL47+97-AQ47) -> 4.5000745 | AQ47: 54.45
A48: =+A47+1 -> 36 | B48: JUAN MAMANI ALANOCA | C48: TOYOTA 6000 CAI | D48: 81915 | E48: 82476 | F48: 561 | G48: 7.0028711 | H48: 34.12 | I48: =+E48 -> 82476 | J48: 82989 | K48: =+J48-I48 -> 513 | L48: =+K48/(47.01+40-13.76) -> 7.003413 | M48: 13.76 | N48: =+J48 -> 82989 | O48: 84109 | P48: =+O48-N48 -> 1120 | Q48: =+P48/(M48+57+84+47-R48) -> 7.0013127 | R48: 41.79 | S48: =+O48 -> 84109 | T48: 85117 | U48: =+T48-S48 -> 1008 | V48: =+U48/(R48+63+60-W48) -> 7.001945 | W48: 20.83
A49: =+A48+1 -> 37 | B49: JUAN MAMANI ALANOCA | C49: TOYOTA 3869 HSD | D49: 238899 | E49: 239837 | F49: 938 | G49: 6.6056338 | H49: 83 | I49: =+E49 -> 239837 | J49: 240428 | K49: =+J49-I49 -> 591 | L49: =+K49/(83+20-12) -> 6.4945055 | M49: 12 | N49: =+J49 -> 240428 | O49: 241657 | P49: =+O49-N49 -> 1229 | Q49: =+P49/(M49+140+103-R49) -> 5.0785124 | R49: 13 | S49: =+O49 -> 241657 | T49: 242112 | U49: =+T49-S49 -> 455 | V49: =+U49/(R49+67.4-W49) -> 6.6520468 | W49: 12 | X49: 242265 | Y49: 243042 | Z49: =+Y49-X49 -> 777 | AA49: =+Z49/(W49+69+86-AB49) -> 5.4919423 | AB49: 25.52 | AC49: =+Y49 -> 243042 | AD49: 244038 | AE49: =+AD49-AC49 -> 996 | AF49: =+AE49/(AB49+30+30+85+30-AG49) -> 6.0010845 | AG49: 34.55 | AH49: =+AD49 -> 244038 | AI49: 244592 | AJ49: =+AI49-AH49 -> 554 | AK49: =+AJ49/(AG49+36+30-AL49) -> 6.0034677 | AL49: 8.27 | AM49: =+AI49 -> 244592 | AN49: 245020 | AO49: =+AN49-AM49 -> 428 | AP49: =+AO49/(AL49+30+30+40-AQ49) -> 6.002805 | AQ49: 36.97
A50: =+A48+1 -> 37 | B50: JUAN MENDOZA QUISPE | C50: PERFORADOR 6448 ITN | D50: 3540 | E50: 3652 | F50: 112 | G50: 0.13751443 | H50: 579.21 | I50: SIN MOVIMIENTO | K50: =+J50-I50 -> #VALUE! | L50: =+K50/(393.67+1000-579.21) -> #VALUE! | M50: 579.21 | N50: 3652 | O50: 3663 | P50: =+O50-N50 -> 11 | Q50: =+P50/(579.21+864.85-1438.27) -> 1.8998273 | R50: 1438.27 | S50: 3652 | T50: SIN MOVIMIENTO | U50: =+T50-S50 -> #VALUE! | V50: =+U50/(579.21+864.85-1438.27) -> #VALUE! | W50: 1438.27 | X50: =+O50 -> 3663 | Y50: 3943 | Z50: =+Y50-X50 -> 280 | AA50: =+Z50/(W50-AB50) -> 0.3578412 | AB50: 655.8 | AC50: =+Y50 -> 3943 | AD50: 4250 | AE50: =+AD50-AC50 -> 307 | AF50: =+AE50/(AB50-AG50) -> 0.81803405 | AG50: 280.51 | AH50: =+AD50 -> 4250 | AI50: 4250 | AJ50: =+AI50-AH50 -> 0 | AK50: =+AJ50/(AG50-AL50) -> #DIV/0! | AL50: 280.51 | AM50: =+AI50 -> 4250 | AN50: 4740 | AO50: =+AN50-AM50 -> 490 | AP50: =+AO50/(AL50+891-AQ50) -> 0.4589734 | AQ50: 103.91
A51: =+A50+1 -> 38 | B51: JUAN MENDOZA QUISPE | C51: VOLVO CAMION CISTERNA 4687 BBS | F51: 130 | G51: 2.5 | H51: 361.9 | S51: SIN MOVIMIENTO | T51: 40604 | W51: 362 | X51: =+T51 -> 40604 | Y51: 40901 | Z51: =+Y51-X51 -> 297 | AA51: =+Z51/(W51+270-AB51) -> 2.2 | AB51: 497 | AC51: =+Y51 -> 40901 | AD51: 41196 | AE51: =+AD51-AC51 -> 295 | AF51: =+AE51/(AB51-AG51) -> 2.5 | AG51: 379 | AH51: =+AD51 -> 41196 | AI51: 41196 | AJ51: =+AI51-AH51 -> 0 | AK51: =+AJ51/(AG51-AL51) -> #DIV/0! | AL51: 379 | AM51: =+AI51 -> 41196 | AN51: 41720 | AO51: =+AN51-AM51 -> 524 | AP51: =+AO51/(AL51+352-AQ51) -> 2.62 | AQ51: 531
A52: =+A50+1 -> 38 | B52: MARCO RICALDI MOLINA | C52: TOYOTA 3772 UPB | D52: 446271 | E52: 446499 | F52: 228 | G52: 5.7 | H52: 61 | I52: 446499 | J52: 447999 | K52: =+J52-I52 -> 1500 | L52: =+K52/(96+80+90-16) -> 6 | M52: 16 | N52: =+J52 -> 447999 | O52: 448125 | P52: =+O52-N52 -> 126 | Q52: =+P52/(16+28-24) -> 6.3 | R52: 24
A53: =+A52+1 -> 39 | B53: MARCO RICALDI MOLINA | C53: TOYOTA 2980 XPC | I53: ANTES LO MANEJABA DANIEL MAMANI | N53: 464283 | O53: 464369 | P53: =+O53-N53 -> 86 | Q53: =+P53/(20+30-36) -> 6.1428571 | R53: 36 | S53: =+O53 -> 464369 | T53: 465490 | U53: =+T53-S53 -> 1121 | V53: =+U53/(R53+35+30+30+53+43-W53) -> 6.9197531 | W53: 65 | X53: =+T53 -> 465490 | Y53: 465849 | Z53: =+Y53-X53 -> 359 | AA53: =+Z53/(W53+48+21-AB53) -> 5.9833333 | AB53: 74 | AC53: =+Y53 -> 465849 | AD53: 467571 | AE53: =+AD53-AC53 -> 1722 | AF53: =+AE53/(AB53+59+47+204-AG53) -> 5.937931 | AG53: 94 | AH53: =+AD53 -> 467571 | AI53: 467855 | AJ53: =+AI53-AH53 -> 284 | AK53: =+AJ53/(AG53-AL53) -> 6.0425532 | AL53: 47 | AM53: =+AI53 -> 467855 | AN53: 467855 | AO53: =+AN53-AM53 -> 0 | AP53: =+AO53/(AL53-AQ53) -> #DIV/0! | AQ53: 47
A54: =+A53+1 -> 40 | B54: MARTIN SAAVEDRA ESTRADA | C54: NISSAN 2731 YFS | D54: 376615 | E54: 377955 | F54: 1340 | G54: 6.0401172 | H54: 54.7 | I54: =+E54 -> 377955 | J54: 378107 | K54: =+J54-I54 -> 152 | L54: =+K54/(55-30) -> 6.08 | M54: 30 | N54: 378793 | O54: 380348 | P54: =+O54-N54 -> 1555 | Q54: =+P54/(M54+60+150+60-R54) -> 6.4848409 | R54: 60.21 | S54: =+O54 -> 380348 | T54: 380934 | U54: =+T54-S54 -> 586 | V54: =+U54/(R54+59-W54) -> 5.7899417 | W54: 18 | X54: =+T54 -> 380934 | Y54: 382754 | Z54: =+Y54-X54 -> 1820 | AA54: =+Z54/(W54+60+64+42+65+60-AB54) -> 6.5 | AB54: 29 | AC54: =+Y54 -> 382754 | AD54: 383505 | AE54: =+AD54-AC54 -> 751 | AF54: =+AE54/(AB54+50+60+40-AG54) -> 6.008 | AG54: 54 | AH54: =+AD54 -> 383505 | AI54: 384400 | AJ54: =+AI54-AH54 -> 895 | AK54: =+AJ54/(AG54+80+48-AL54) -> 6.0067114 | AL54: 33 | AM54: =+AI54 -> 384400 | AN54: 384551 | AO54: =+AN54-AM54 -> 151 | AP54: =+AO54/(AL54+48-AQ54) -> 6.04 | AQ54: 56
A55: =+A54+1 -> 41 | B55: MARTIN VARGAS SALVADOR | C55: TOYOTA 4829 RRK | D55: 216405 | E55: 216717 | F55: 312 | G55: 7.1005917 | H55: 107.27 | I55: =+E55 -> 216717 | J55: 217041 | K55: =+J55-I55 -> 324 | L55: =+K55/(107.27-61.64) -> 7.1005917 | M55: 61.64 | N55: =+J55 -> 217041 | O55: 218100 | P55: =+O55-N55 -> 1059 | Q55: =+P55/(61.64+28.74+50.29+30-21.52) -> 7.1002347 | R55: 21.52 | S55: =+O55 -> 218100 | T55: 218869 | U55: =+T55-S55 -> 769 | V55: =+U55/(R55+45+30+30-W55) -> 7.0999908 | W55: 18.21 | X55: =+T55 -> 218869 | Y55: 219562 | Z55: =+Y55-X55 -> 693 | AA55: =+Z55/(W55+49+54+51-AB55) -> 7.0996824 | AB55: 74.6 | AC55: =+Y55 -> 219562 | AD55: 219939 | AE55: =+AD55-AC55 -> 377 | AF55: =+AE55/(AB55+30-AG55) -> 7.0283371 | AG55: 50.96 | AH55: =+AD55 -> 219939 | AI55: 220946 | AJ55: =+AI55-AH55 -> 1007 | AK55: =+AJ55/(AG55+59+30+59+42-AL55) -> 7.1000494 | AL55: 99.13 | AM55: =+AI55 -> 220946 | AN55: 221684 | AO55: =+AN55-AM55 -> 738 | AP55: =+AO55/(AL55+50+30-AQ55) -> 7.1002501 | AQ55: 75.19
A56: =+A55+1 -> 42 | B56: MAX PEÑARANDA CESPEDEZ | C56: NISSAN 6337 BNN | D56: 99065 | E56: 99685 | F56: 620 | G56: 6.9977427 | H56: 164.3 | I56: =+E56 -> 99685 | J56: 99795 | K56: =+J56-I56 -> 110 | L56: =+K56/(164.3+40+80-262.3) -> 5 | M56: 262.3 | N56: =+J56 -> 99795 | O56: 102100 | P56: =+O56-N56 -> 2305 | Q56: =+P56/(M56+100.72+71.84+160-R56) -> 5.0004339 | R56: 133.9 | S56: =+O56 -> 102100 | T56: 102190 | U56: =+T56-S56 -> 90 | V56: =+U56/(R56+90-W56) -> 4 | W56: 201.4 | X56: =+T56 -> 102190 | Y56: 104895 | Z56: =+Y56-X56 -> 2705 | AA56: =+Z56/(W56+185+182-AB56) -> 5.1999231 | AB56: 48.2 | AC56: =+Y56 -> 104895 | AD56: 107040 | AE56: =+AD56-AC56 -> 2145 | AF56: =+AE56/(AB56+175+39+182+120-AG56) -> 5.2 | AG56: 151.7 | AH56: =+AD56 -> 107040 | AI56: 107250 | AJ56: =+AI56-AH56 -> 210 | AK56: =+AJ56/(AG56+101+102-AL56) -> 3 | AL56: 284.7 | AM56: =+AI56 -> 107250 | AN56: 107250 | AO56: =+AN56-AM56 -> 0 | AP56: =+AO56/(AL56+101+102-AQ56) -> 0 | AQ56: 284.7
A57: =+A56+1 -> 43 | B57: MAXIMO GONZALES TORREZ | C57: TOYOTA 2980 XNY | D57: 477895 | E57: 478860 | F57: 965 | G57: 6.0001244 | H57: 37.77 | I57: =+E57 -> 478860 | J57: 479080 | K57: =+J57-I57 -> 220 | L57: =+K57/(67.77+20-36.67) -> 4.3052838 | M57: 51.1 | N57: =+J57 -> 479080 | O57: 480185 | P57: =+O57-N57 -> 1105 | Q57: =+P57/(36.67+20+21+121.45+72-87.05) -> 6.003151 | R57: 87.05 | S57: =+O57 -> 480185 | T57: 480430 | U57: =+T57-S57 -> 245 | V57: =+U57/(R57+50-W57) -> 6.0004898 | W57: 96.22 | X57: =+T57 -> 480430 | Y57: 480580 | Z57: =+Y57-X57 -> 150 | AA57: =+Z57/(W57+63-AB57) -> 5.5005501 | AB57: 131.95 | AC57: =+Y57 -> 480580 | AD57: 481310 | AE57: =+AD57-AC57 -> 730 | AF57: =+AE57/(AB57+61+44+59-AG57) -> 5.499887 | AG57: 163.22 | AH57: =+AD57 -> 481310 | AI57: 483002 | AJ57: =+AI57-AH57 -> 1692 | AK57: =+AJ57/(AG57+71.4+68.89+54+104-AL57) -> 5.499935 | AL57: 153.87 | AM57: =+AI57 -> 483002 | AN57: 484590 | AO57: =+AN57-AM57 -> 1588 | AP57: =+AO57/(AL57+66+40+38+61.8-AQ57) -> 5.499948 | AQ57: 70.94
A58: =+A57+1 -> 44 | B58: MAXIMO SACACA CANAZA | C58: TOYOTA 3786 NXL | D58: 477895 | E58: 478860 | F58: 965 | G58: 6.0001244 | H58: 37.77 | I58: =+E58 -> 478860 | J58: 479080 | K58: =+J58-I58 -> 220 | L58: =+K58/(67.77+20-36.67) -> 4.3052838 | M58: 51.1 | N58: =+J58 -> 479080 | O58: 480185 | P58: =+O58-N58 -> 1105 | Q58: =+P58/(36.67+20+21+121.45+72-87.05) -> 6.003151 | R58: 87.05 | S58: =+O58 -> 480185 | T58: 480430 | U58: =+T58-S58 -> 245 | V58: =+U58/(R58+50-W58) -> 6.0004898 | W58: 96.22 | AL58: 30 | AM58: 407822 | AN58: 408774 | AO58: =+AN58-AM58 -> 952 | AP58: =+AO58/(AL58+47+77-AQ58) -> 6.5000683 | AQ58: 7.54
A59: =+A57+1 -> 44 | B59: MIGUEL CHOQUE LOPEZ | C59: CISTERNA 4822 LXH | D59: 26655 | E59: 26838 | F59: 183 | G59: 1.90625 | H59: 318 | I59: =+E59 -> 26838 | K59: =+J59-I59 -> -26838 | L59: =+K59/(414-318) -> -279.5625 | N59: SIN MOVIMIENTO | P59: 0 | Q59: =+P59/(1117.77+460-1000-570.63) -> 0 | R59: 318 | S59: SIN MOVIMIENTO | U59: 0 | V59: =+U59/(1117.77+460-1000-570.63) -> 0 | W59: 318 | X59: 26838 | Y59: 26921 | Z59: =+Y59-X59 -> 83 | AA59: =+Z59/(W59+318-AB59) -> 0.2299169 | AB59: 275 | AC59: =+Y59 -> 26921 | AD59: 26990 | AE59: =+AD59-AC59 -> 69 | AF59: =+AE59/(AB59-AG59) -> 1.9166667 | AG59: 239 | AH59: =+AD59 -> 26990 | AI59: 27184 | AJ59: =+AI59-AH59 -> 194 | AK59: =+AJ59/(AG59+120-AL59) -> 1.9019608 | AL59: 257 | AM59: =+AI59 -> 27184 | AN59: 27255 | AO59: =+AN59-AM59 -> 71 | AP59: =+AO59/(AL59-AQ59) -> 1.9189189 | AQ59: 220
A60: =+A59+1 -> 45 | B60: MILTON CONDORI LUJAN | C60: NISSAN 2998 EXP | D60: 311171 | E60: 312570 | F60: 1399 | G60: 7.0002502 | H60: 58.02 | I60: SIN MOVIMIENTO | J60: 312570 | K60: =+J60-I60 -> #VALUE! | L60: =+K60/(86.7+50+64.72+56.45-58.02) -> #VALUE! | M60: 58.02 | N60: =+J60 -> 312570 | O60: 313387 | P60: =+O60-N60 -> 817 | Q60: =+P60/(M60+67.9+90+60-R60) -> 7.000257 | R60: 159.21 | S60: =+O60 -> 313387 | T60: 315238 | U60: =+T60-S60 -> 1851 | V60: =+U60/(R60+60+67.66+51.91-W60) -> 7.0002269 | W60: 74.36 | X60: =+T60 -> 315238 | Y60: 316943 | Z60: =+Y60-X60 -> 1705 | AA60: =+Z60/(W60+70+110+30-AB60) -> 7.0000411 | AB60: 40.79 | AC60: =+Y60 -> 316943 | AD60: 317593 | AE60: =+AD60-AC60 -> 650 | AF60: =+AE60/(AB60+63.33+30+30-AG60) -> 7.0005385 | AG60: 71.27 | AH60: =+AD60 -> 317593 | AI60: 319432 | AJ60: =+AI60-AH60 -> 1839 | AK60: =+AJ60/(AG60+60+58.51+30+85-AL60) -> 7.0001142 | AL60: 42.07 | AM60: =+AI60 -> 319432 | AN60: 321580 | AO60: =+AN60-AM60 -> 2148 | AP60: =+AO60/(AL60+63.44+40+52.68+56.57+62+30-AQ60) -> 7.0001629 | AQ60: 39.91
A61: =+A60+1 -> 46 | B61: NICOLAS FLORES OROS | C61: TOYOTA 2980 XTN | D61: 370310 | E61: 371112 | F61: 802 | G61: 6.5002432 | H61: 62.65 | I61: =+E61 -> 371112 | J61: 371405 | K61: =+J61-I61 -> 293 | L61: =+K61/(62.65+60-80.79) -> 6.9995222 | M61: 80.79 | N61: =+J61 -> 371405 | O61: 372205 | P61: =+O61-N61 -> 800 | Q61: =+P61/(M61+70.19+77-R61) -> 6.9997375 | R61: 113.69 | S61: =+O61 -> 372205 | T61: 372580 | U61: =+T61-S61 -> 375 | V61: =+U61/(R61+76-W61) -> 6.50026 | W61: 132 | X61: =+T61 -> 372580 | Y61: 373470 | Z61: =+Y61-X61 -> 890 | AA61: =+Z61/(W61+139-AB61) -> 6.5001461 | AB61: 134.08 | AC61: =+Y61 -> 373470 | AD61: 373805 | AE61: =+AD61-AC61 -> 335 | AF61: =+AE61/(AB61+77-AG61) -> 6.499806 | AG61: 159.54 | AH61: =+AD61 -> 373805 | AI61: 374305 | AJ61: =+AI61-AH61 -> 500 | AK61: =+AJ61/(AG61+75+59-AL61) -> 6.50026 | AL61: 216.62 | AM61: =+AI61 -> 374305 | AN61: 375910 | AO61: =+AN61-AM61 -> 1605 | AP61: =+AO61/(AL61+72+64+74-AQ61) -> 5.4999657 | AQ61: 134.8
A62: =+A61+1 -> 47 | B62: OMAR F. COLQUE SANCHEZ | C62: TOYOTA 3869 IPX | D62: SIN MOVIMIENTO | H62: 84.95 | I62: 378107 | J62: 378620 | K62: =+J62-I62 -> 513 | L62: =+K62/(30+30+30+5-10) -> 6.0352941 | M62: 10 | N62: =+J62 -> 378620 | O62: 378793 | P62: =+O62-N62 -> 173 | Q62: =+P62/(M62+30+30-R62) -> 5.9655172 | R62: 41 | S62: =+O62 -> 378793 | T62: SIN MOVIMEINTO EN MAESTRANZA | U62: =+T62-S62 -> #VALUE! | V62: =+U62/(R62+30+30-W62) -> #VALUE! | W62: 41 | X62: =+T62 -> SIN MOVIMEINTO EN MAESTRANZA | Y62: SIN MOVIMEINTO EN MAESTRANZA | Z62: =+Y62-X62 -> #VALUE! | AA62: =+Z62/(W62+30+30-AB62) -> #VALUE! | AB62: 24.95 | AC62: 466710 | AD62: 468099 | AE62: =+AD62-AC62 -> 1389 | AF62: =+AE62/(AB62+30+30+141+30-AG62) -> 6.6001426 | AG62: 45.5 | AH62: =+AD62 -> 468099 | AI62: 470691 | AJ62: =+AI62-AH62 -> 2592 | AK62: =+AJ62/(AG62+65+93+30+120.55+100-AL62) -> 6.6001222 | AL62: 61.33 | AM62: =+AI62 -> 470691 | AN62: 471584 | AO62: =+AN62-AM62 -> 893 | AP62: =+AO62/(AL62+72.21+37.39-AQ62) -> 6.6001478 | AQ62: 35.63
A63: =+A62+1 -> 48 | B63: RAUL LAGUNA BUEZO | C63: TOYOTA 4829 SAK | D63: 245240 | E63: 247600 | F63: 2360 | G63: 7.4999206 | H63: 40.31 | I63: 247600 | J63: 247610 | K63: =+J63-I63 -> 10 | L63: =+K63/(40.31+41.66-80.64) -> 7.518797 | M63: 80.64 | N63: =+J63 -> 247610 | O63: 248210 | P63: =+O63-N63 -> 600 | Q63: =+P63/(M63+28.73-R63) -> 7.5 | R63: 29.37 | S63: =+O63 -> 248210 | T63: 248220 | U63: =+T63-S63 -> 10 | V63: =+U63/(R63+155-W63) -> 7.518797 | W63: 183.04 | X63: =+T63 -> 248220 | Y63: 250010 | Z63: =+Y63-X63 -> 1790 | AA63: =+Z63/(W63+50+19+50+133-AB63) -> 7.4998953 | AB63: 196.37 | AC63: =+Y63 -> 250010 | AD63: 251695 | AE63: =+AD63-AC63 -> 1685 | AF63: =+AE63/(AB63+42+35-AG63) -> 7.5002226 | AG63: 48.71 | AH63: =+AD63 -> 251695 | AI63: 254200 | AJ63: =+AI63-AH63 -> 2505 | AL63: 37.21 | AM63: =+AI63 -> 254200 | AN63: 256040 | AO63: =+AN63-AM63 -> 1840 | AP63: =+AO63/(AL63+45+38.5+51+49+62+55.84-AQ63) -> 5.75 | AQ63: 18.55
A64: =+A63+1 -> 49 | B64: RAUL MARISCAL VARGAS | C64: TOYOTA 3772 USH | F64: 0 | G64: 0 | H64: 67.4 | I64: 390165 | J64: 391226 | K64: =+J64-I64 -> 1061 | L64: =+K64/(69.4+30+165-52.2) -> 5 | M64: 52.2 | N64: =+J64 -> 391226 | O64: 392819 | P64: =+O64-N64 -> 1593 | Q64: =+P64/(M64+100+57+183-R64) -> 5.0252366 | R64: 75.2 | S64: =+O64 -> 392819 | T64: 394601 | U64: =+T64-S64 -> 1782 | V64: =+U64/(R64+118+45+70+120-W64) -> 5 | W64: 71.8 | X64: =+T64 -> 394601 | Y64: 397350 | Z64: =+Y64-X64 -> 2749 | AA64: =+Z64/(W64+130+95+94+99+100-AB64) -> 5 | AB64: 40 | AC64: =+Y64 -> 397350 | AD64: 398422 | AE64: =+AD64-AC64 -> 1072 | AF64: =+AE64/(AB64+113+20+110-AG64) -> 5.0093458 | AG64: 69 | AH64: =+AD64 -> 398422 | AI64: 400160 | AJ64: =+AI64-AH64 -> 1738 | AK64: =+AJ64/(AG64+125+37+21+30+30+30-AL64) -> 5.5 | AL64: 26 | AM64: =+AI64 -> 400160 | AN64: 401529 | AO64: =+AN64-AM64 -> 1369 | AP64: =+AO64/(AL64+30+94+79+30-AQ64) -> 5.5201613 | AQ64: 11
A65: =+A64+1 -> 50 | B65: RAUL PEÑA PINTO | C65: CAMION GRUA 4822 LUE | D65: 53862 | E65: 54170 | F65: 308 | G65: 2.2 | H65: 272 | I65: SIN MOVIMIENTO | K65: =+J65-I65 -> #VALUE! | L65: =+K65/(412-272) -> #VALUE! | N65: SIN MOVIMIENTO | O65: 54170 | P65: =+O65-N65 -> #VALUE! | Q65: =+P65/(412-272) -> #VALUE! | R65: 240 | S65: =+O65 -> 54170 | T65: 54766 | U65: =+T65-S65 -> 596 | V65: =+U65/(R65+250-W65) -> 2.1831502 | W65: 217 | X65: =+T65 -> 54766 | Y65: 54844 | Z65: =+Y65-X65 -> 78 | AA65: =+Z65/(W65+240-AB65) -> 2.1666667 | AB65: 421 | AC65: =+Y65 -> 54844 | AD65: 55035 | AE65: =+AD65-AC65 -> 191 | AF65: =+AE65/(AB65-AG65) -> 2.1954023 | AG65: 334 | AH65: =+AD65 -> 55035 | AI65: 55234 | AJ65: =+AI65-AH65 -> 199 | AK65: =+AJ65/(AG65+245-AL65) -> 2.1868132 | AL65: 488 | AM65: =+AI65 -> 55234 | AN65: 55376 | AO65: =+AN65-AM65 -> 142 | AP65: =+AO65/(AL65-AQ65) -> 1.6705882 | AQ65: 403
A66: =+A65+1 -> 51 | B66: REMBERTO CHOQUE COPA | C66: TOYOTA 2980 XKP | D66: 530536 | E66: 531064 | F66: 528 | G66: 6.5048663 | H66: 66.98 | I66: =+E66 -> 531064 | J66: 531390 | K66: =+J66-I66 -> 326 | L66: =+K66/(66.98+60-77.24) -> 6.5540812 | M66: 77.24 | N66: =+J66 -> 531390 | O66: 533341 | P66: =+O66-N66 -> 1951 | Q66: =+P66/(M66+28.74+58+164.71-R66) -> 6.6113182 | R66: 33.59 | S66: =+O66 -> 533341 | T66: 535128 | U66: =+T66-S66 -> 1787 | V66: =+U66/(R66+95+167.2-W66) -> 6.4939312 | W66: 20.61 | X66: =+T66 -> 535128 | Y66: 536790 | Z66: =+Y66-X66 -> 1662 | AA66: =+Z66/(W66+30+155+107.57-AB66) -> 6.5008214 | AB66: 57.52 | AC66: =+Y66 -> 536790 | AD66: 539319 | AE66: =+AD66-AC66 -> 2529 | AF66: =+AE66/(AB66+61+160+61.79+101-AG66) -> 6.500784 | AG66: 52.28 | AH66: =+AD66 -> 539319 | AI66: 540638 | AJ66: =+AI66-AH66 -> 1319 | AK66: =+AJ66/(AG66+69.88+98.63-AL66) -> 6.5618626 | AL66: 19.78 | AM66: =+AI66 -> 540638 | AN66: 542065 | AO66: =+AN66-AM66 -> 1427 | AP66: =+AO66/(AL66+30+63.51+60+52+40-AQ66) -> 6.3030035 | AQ66: 38.89
A67: =+A66+1 -> 52 | B67: RENE CONDO PACARA | C67: TOYOTA 4028 CUS | D67: 236886 | E67: 237285 | F67: 399 | G67: 4.8305085 | H67: 79.4 | I67: =+E67 -> 237285 | J67: 237469 | K67: =+J67-I67 -> 184 | L67: =+K67/(63.8+20+20-67) -> 5 | M67: 118 | N67: =+J67 -> 237469 | O67: 238892 | P67: =+O67-N67 -> 1423 | Q67: =+P67/(M67+30+31+92+60+21-R67) -> 5 | R67: 67.4 | S67: =+O67 -> 238892 | T67: 239075 | U67: =+T67-S67 -> 183 | V67: =+U67/(R67+53.17+27-W67) -> 4.9687755 | W67: 110.74
A68: =+A66+1 -> 52 | B68: RENE CONDO PACARA | C68: TOYOTA 3772 UPB | D68: 446271 | E68: 446499 | F68: 228 | G68: 5.7 | H68: 61 | I68: CAMBIO DE MOVILIDAD | M68: 35 | S68: LO MANEJABA EDGAR CORDERO | T68: 448905 | W68: 15 | X68: =+T68 -> 448905 | Y68: 448969 | Z68: =+Y68-X68 -> 64 | AA68: =+Z68/(W68+65+34-AB68) -> 6.0606061 | AB68: 103.44 | AC68: =+Y68 -> 448969 | AD68: 449753 | AE68: =+AD68-AC68 -> 784 | AF68: =+AE68/(AB68+34+57+30-AG68) -> 5.9089539 | AG68: 91.76 | AH68: =+AD68 -> 449753 | AI68: 449986 | AJ68: =+AI68-AH68 -> 233 | AK68: =+AJ68/(AG68+31.8+30-AL68) -> 4.6257693 | AL68: 103.19 | AM68: =+AI68 -> 449986 | AN68: 450314 | AO68: =+AN68-AM68 -> 328 | AP68: =+AO68/(AL68+30+30-AQ68) -> 5.9788553 | AQ68: 108.33
A69: =+A67+1 -> 53 | B69: REYNALDO CRUZ SANCHEZ | C69: NISSAN 3799 HIK | D69: 258440 | F69: 973 | G69: 7.003527 | H69: 16.33 | I69: =+E69 | K69: =+J69-I69 -> #VALUE! | L69: =+K69/(92.26+63-16.33) -> #VALUE!
A70: =+A69+1 -> 54 | B70: RONALD HUANCA LAZCANO | C70: TOYOTA 3869 HSD | D70: 238899 | E70: 239837 | F70: 938 | G70: 6.6056338 | H70: 83 | I70: =+E70 -> 239837 | J70: 240428 | K70: =+J70-I70 -> 591 | L70: =+K70/(83+20-12) -> 6.4945055 | M70: 12 | N70: =+J70 -> 240428 | O70: 241657 | P70: =+O70-N70 -> 1229 | Q70: =+P70/(M70+140+103-R70) -> 5.0785124 | R70: 13 | S70: =+O70 -> 241657 | T70: 242112 | U70: =+T70-S70 -> 455 | V70: =+U70/(R70+67.4-W70) -> 6.6520468 | W70: 12
A71: =+A70+1 -> 55 | B71: RONALD HUANCA LAZCANO | C71: TOYOTA 6000 CAI | D71: 81915 | E71: 82476 | F71: 561 | G71: 7.0028711 | H71: 34.12 | I71: =+E71 -> 82476 | J71: 82989 | K71: =+J71-I71 -> 513 | L71: =+K71/(47.01+40-13.76) -> 7.003413 | M71: 13.76 | N71: =+J71 -> 82989 | O71: 84109 | P71: =+O71-N71 -> 1120 | Q71: =+P71/(M71+57+84+47-R71) -> 7.0013127 | R71: 41.79 | S71: =+O71 -> 84109 | T71: 85117 | U71: =+T71-S71 -> 1008 | V71: =+U71/(R71+63+60-W71) -> 7.001945 | W71: 20.83 | X71: 85119 | Y71: 85792 | Z71: =+Y71-X71 -> 673 | AA71: =+Z71/(W71+56+110+62-AB71) -> 6.7414605 | AB71: 149 | AC71: =+Y71 -> 85792 | AD71: 86669 | AE71: =+AD71-AC71 -> 877 | AF71: =+AE71/(AB71+35-AG71) -> 6.800031 | AG71: 55.03 | AH71: =+AD71 -> 86669 | AI71: 87829 | AJ71: =+AI71-AH71 -> 1160 | AK71: =+AJ71/(AG71+99+60+48-AL71) -> 6.7999297 | AL71: 91.44 | AM71: =+AI71 -> 87829 | AN71: 87829 | AO71: =+AN71-AM71 -> 0 | AP71: =+AO71/(AL71+99+60+48-AQ71) -> 0 | AQ71: 91.44
A72: =+A70+1 -> 55 | B72: SAMUEL CHILA CHARCAS | C72: TOYOTA 6000 CBN | D72: 95690 | E72: 96666 | F72: 976 | G72: 5.6843331 | H72: 24.1 | I72: =+E72 -> 96666 | J72: 97013 | K72: =+J72-I72 -> 347 | L72: =+K72/(58+60-54.9) -> 5.4992076 | M72: 54.9 | N72: =+J72 -> 97013 | O72: 98305 | P72: =+O72-N72 -> 1292 | Q72: =+P72/(M72+135.65+64-R72) -> 5.4990423 | R72: 19.6 | S72: =+O72 -> 98305 | T72: 99330 | U72: =+T72-S72 -> 1025 | V72: =+U72/(R72+50+50+30+30-W72) -> 7.0013661 | W72: 33.2 | X72: =+T72 -> 99330 | Y72: 100140 | Z72: =+Y72-X72 -> 810 | AA72: =+Z72/(W72+50+85-AB72) -> 6.8010076 | AB72: 49.1 | AC72: =+Y72 -> 100140 | AD72: 101200 | AE72: =+AD72-AC72 -> 1060 | AF72: =+AE72/(AB72+48+30+30+30-AG72) -> 6.7992303 | AG72: 31.2 | AH72: =+AD72 -> 101200 | AI72: 104452 | AJ72: =+AI72-AH72 -> 3252 | AK72: =+AJ72/(AG72+134+164+63.24+56.04+55-AL72) -> 6.8466041 | AL72: 28.5 | AM72: =+AI72 -> 104452 | AN72: 107630 | AO72: =+AN72-AM72 -> 3178 | AP72: =+AO72/(AL72+63+24.43+70+64+51.732+70+59.635-AQ72) -> 7.507731 | AQ72: 8
A73: =+A72+1 -> 56 | B73: SAMUEL MAMANI MAMANI | C73: TOYOTA 3869 HTG | D73: 226732 | E73: 226923 | F73: 191 | G73: 6.8214286 | H73: 12 | I73: 226968 | J73: 227365 | K73: =+J73-I73 -> 397 | L73: =+K73/(12+80-26) -> 6.0151515 | M73: 26 | N73: =+J73 -> 227365 | O73: 227717 | P73: =+O73-N73 -> 352 | Q73: =+P73/(M73+73-R73) -> 6.7692308 | R73: 47 | S73: =+O73 -> 227717 | T73: 227857 | U73: =+T73-S73 -> 140 | V73: =+U73/(R73-W73) -> 6.6666667 | W73: 26 | X73: =+T73 -> 227857 | Y73: 228182 | Z73: =+Y73-X73 -> 325 | AA73: =+Z73/(W73+55-AB73) -> 6.7708333 | AB73: 33 | AC73: =+Y73 -> 228182 | AD73: 228495 | AE73: =+AD73-AC73 -> 313 | AF73: =+AE73/(AB73+30-AG73) -> 6.6595745 | AG73: 16 | AH73: =+AD73 -> 228495 | AI73: 228560 | AJ73: =+AI73-AH73 -> 65 | AK73: =+AJ73/(AG73-AL73) -> 6.5 | AL73: 6 | AM73: =+AI73 -> 228560 | AN73: 228735 | AO73: =+AN73-AM73 -> 175 | AP73: =+AO73/(AL73+30-AQ73) -> 6.7307692 | AQ73: 10
A74: =+A73+1 -> 57 | B74: SAMUEL MAMANI MAMANI | C74: TRACTO LOVOY 3756 XGR | D74: 68301 | E74: 68619 | F74: 318 | G74: 1.308642 | H74: 401 | I74: SIN MOVIMIENTO | K74: =+J74-I74 -> #VALUE! | L74: =+K74/(401-401) -> #VALUE! | M74: 401 | N74: SIN MOVIMIENTO | O74: 68619 | P74: =+O74-N74 -> #VALUE! | Q74: =+P74/(401-401) -> #VALUE! | S74: SIN MOVIMIENTO | T74: 68619 | U74: =+T74-S74 -> #VALUE! | V74: =+U74/(401-401) -> #VALUE! | W74: 401 | X74: =+T74 -> 68619 | Y74: 68798 | Z74: =+Y74-X74 -> 179 | AA74: =+Z74/(W74-AB74) -> 1.2094595 | AB74: 253 | AC74: =+Y74 -> 68798 | AD74: 68798 | AE74: SIN MOVIMIENTO | AF74: =+AE74/(AB74-AG74) -> #VALUE! | AG74: 253 | AH74: =+AD74 -> 68798 | AI74: 68877 | AJ74: =+AI74-AH74 -> 79 | AK74: =+AJ74/(AG74-AL74) -> 1.0821918 | AL74: 180 | AM74: =+AI74 -> 68877 | AN74: 68877 | AO74: =+AN74-AM74 -> 0 | AP74: =+AO74/(AL74-AQ74) -> #DIV/0! | AQ74: 180
A75: =+A74+1 -> 58 | B75: SAMUEL MAMANI MAMANI | C75: RETROESCAVADORA WB 93R (POR HORA DE CONSUMO) | N75: 459 | O75: 483 | P75: =+O75-N75 -> 24 | Q75: =+P75/(M75+200-R75) -> 0.13186813 | R75: 18 | S75: SIN MOVIMIENTO | X75: SIN MOVIMIENTO | AC75: SIN MOVIMIENTO | AH75: SIN MOVIMIENTO | AO75: 120 | AP75: 0 | AQ75: 80
A76: =+A75+1 -> 59 | B76: VICTOR CHOQUE JANCKO | C76: TOYOTA 3869 HUK | D76: 371912 | E76: 372909 | F76: 997 | G76: 8.4937809 | H76: 0.41 | I76: =+E76 -> 372909 | J76: 373404 | K76: =+J76-I76 -> 495 | L76: =+K76/(0.41+50+20) -> 7.0302514 | M76: 0 | N76: =+J76 -> 373404 | O76: 374196 | P76: =+O76-N76 -> 792 | Q76: =+P76/(M76+60-R76) -> 23.84106 | R76: 26.78 | S76: =+O76 -> 374196 | T76: 375532 | U76: =+T76-S76 -> 1336 | V76: =+U76/(R76+30+30+30+53+30-W76) -> 7.0017295 | W76: 8.97 | X76: =+T76 -> 375532 | Y76: 376468 | Z76: =+Y76-X76 -> 936 | AA76: =+Z76/(W76+60+30+30-AB76) -> 7.5685292 | AB76: 5.3 | AC76: =+Y76 -> 376468 | AD76: 377893 | AE76: =+AD76-AC76 -> 1425 | AF76: =+AE76/(AB76+98+30+30+30-AG76) -> 7.5741469 | AG76: 5.16 | AH76: =+AD76 -> 377893 | AI76: 379015 | AJ76: =+AI76-AH76 -> 1122 | AK76: =+AJ76/(AG76+30+101.8+30-AL76) -> 7.0011232 | AL76: 6.7 | AM76: =+AI76 -> 379015 | AN76: 379640 | AO76: =+AN76-AM76 -> 625 | AP76: =+AO76/(AL76+30+30+30-AQ76) -> 7.0028011 | AQ76: 7.45
A77: =+A76+1 -> 60 | B77: VICTOR CHOQUE JANCKO | C77: TRACTOR AGRICOLA (FUNDO CHINOLI | F77: 1 | G77: 0.0083333333 | H77: 120 | K77: 1 | L77: =+K77/(120+40+20-60) -> 0.0083333333 | M77: 60 | N77: SIN MOVIMIENTO | P77: =+O77-N77 -> #VALUE! | Q77: =+P77/(401-401) -> #VALUE! | S77: SIN MOVI | T77: 0 | U77: 1 | V77: =+U77/(120+40+20-60) -> 0.0083333333 | W77: 40 | X77: SIN MOVI | Y77: 0 | Z77: 1 | AA77: =+Z77/(120+40+20-60) -> 0.0083333333 | AB77: 40 | AC77: 0 | AD77: 0 | AE77: 0 | AF77: =+AE77/(AB77-AG77) -> 0 | AG77: 0 | AH77: 0 | AI77: 0 | AJ77: SIN MOVIMIENTO | AK77: =+AJ77/(AG77+200-AL77) -> #VALUE! | AL77: 200 | AM77: 0 | AN77: 0 | AO77: SIN MOVIMIENTO | AP77: =+AO77/(AL77+200-AQ77) -> #VALUE! | AQ77: 200
A78: =+A77+1 -> 61 | B78: VICTOR BERRIOS PACO | C78: TOYOTA 2980 XST | I78: INGRESO SEGUNDA QUINCENA DE ENERO | M78: 20 | N78: 274336 | O78: 274435 | P78: =+O78-N78 -> 99 | Q78: =+P78/(M78+60-R78) -> 5 | R78: 60.2 | S78: =+O78 -> 274435 | T78: 274722 | U78: =+T78-S78 -> 287 | V78: =+U78/(R78-W78) -> 9.1987179 | W78: 29 | X78: =+T78 -> 274722 | Y78: 274980 | Z78: =+Y78-X78 -> 258 | AA78: =+Z78/(W78+60-AB78) -> 6.7894737 | AB78: 51 | AC78: =+Y78 -> 274980 | AD78: 275330 | AE78: =+AD78-AC78 -> 350 | AF78: =+AE78/(AB78+64.89-AG78) -> 6.299496 | AG78: 60.33 | AH78: =+AD78 -> 275330 | AI78: 275659 | AJ78: =+AI78-AH78 -> 329 | AK78: =+AJ78/(AG78+59+20-AL78) -> 6.7514878 | AL78: 90.6 | AM78: =+AI78 -> 275659 | AN78: 275659 | AO78: =+AN78-AM78 -> 0 | AP78: =+AO78/(AL78+59+20-AQ78) -> 0 | AQ78: 90.6
A79: =+A78+1 -> 62 | B79: VICTOR QUINTANA BARRERA | C79: TOYOTA 4691 DUK | D79: 250718 | E79: 250958 | F79: 240 | G79: 7.0072993 | H79: 32.15 | I79: =+E79 -> 250958 | J79: 251575 | K79: =+J79-I79 -> 617 | L79: =+K79/(32.15+40+17.61+20-21.63) -> 7.0010212 | M79: 21.62 | N79: =+J79 -> 251575 | O79: 251672 | P79: =+O79-N79 -> 97 | Q79: =+P79/(M79+30-R79) -> 7.0036101 | R79: 37.77 | S79: =+O79 -> 251672 | T79: 251903 | U79: =+T79-S79 -> 231 | V79: =+U79/(R79+30-W79) -> 7 | W79: 34.77 | X79: =+T79 -> 251903 | Y79: 253884 | Z79: =+Y79-X79 -> 1981 | AA79: =+Z79/(W79+156.35+149.2-AB79) -> 7 | AB79: 57.32 | AC79: =+Y79 -> 253884 | AD79: 254588 | AE79: =+AD79-AC79 -> 704 | AF79: =+AE79/(AB79+100-AG79) -> 7.0000994 | AG79: 56.75 | AH79: =+AD79 -> 254588 | AI79: 254736 | AJ79: =+AI79-AH79 -> 148 | AK79: =+AJ79/(AG79+61.49-AL79) -> 7.0009461 | AL79: 97.1 | AM79: =+AI79 -> 254736 | AN79: 256081 | AO79: =+AN79-AM79 -> 1345 | AP79: =+AO79/(AL79+53+63+30-AQ79) -> 7.0001041 | AQ79: 50.96
A80: =+A79+1 -> 63 | B80: WILFREDO FLORES ARRIAGA | C80: TOYOTA 2980 XRF | D80: 501515 | E80: 501775 | F80: 260 | G80: 6.8062827 | H80: 62.43 | I80: =+E80 -> 501775 | J80: 502257 | K80: =+J80-I80 -> 482 | L80: =+K80/(61.1+20-10.2) -> 6.7983075 | M80: 10.2 | N80: =+J80 -> 502257 | O80: 503563 | P80: =+O80-N80 -> 1306 | Q80: =+P80/(M80+79.8+130-R80) -> 6.6059686 | R80: 22.3 | S80: =+O80 -> 503563 | T80: 504880 | U80: =+T80-S80 -> 1317 | V80: =+U80/(R80+80+61+94-W80) -> 6.6015038 | W80: 57.8 | X80: =+T80 -> 504880 | Y80: 505888 | Z80: =+Y80-X80 -> 1008 | AA80: =+Z80/(W80+49+100-AB80) -> 6.4990329 | AB80: 51.7 | AC80: =+Y80 -> 505888 | AD80: 508863 | AE80: =+AD80-AC80 -> 2975 | AF80: =+AE80/(AB80+65+45+193+122+70-AG80) -> 6.4998908 | AG80: 89 | AH80: =+AD80 -> 508863 | AI80: 509524 | AJ80: =+AI80-AH80 -> 661 | AK80: =+AJ80/(AG80+84-AL80) -> 6.4995084 | AL80: 71.3 | AM80: =+AI80 -> 509524 | AN80: 510561 | AO80: =+AN80-AM80 -> 1037 | AP80: =+AO80/(AL80+58+30+60-AQ80) -> 6.5015674 | AQ80: 59.8
A81: =+A80+1 -> 64 | B81: WILLIAMS ARIAS NOGALES | C81: NISSAN 6337 BLI | D81: 78676 | E81: 79000 | F81: 324 | G81: 5.4999151 | H81: 219.54 | I81: =+E81 -> 79000 | J81: 80314 | K81: =+J81-I81 -> 1314 | L81: =+K81/(219.54+40+125-M81) -> 4.2115385 | M81: 72.54 | N81: =+J81 -> 80314 | O81: 81354 | P81: =+O81-N81 -> 1040 | Q81: =+P81/(M81+40+114+93+66-R81) -> 4.5000216 | R81: 154.43 | S81: =+O81 -> 81354 | T81: 81604 | U81: =+T81-S81 -> 250 | V81: =+U81/(R81+88-W81) -> 4 | W81: 179.93 | X81: =+T81 -> 81604 | Y81: 83280 | Z81: =+Y81-X81 -> 1676 | AA81: =+Z81/(W81+92+75+94+109-AB81) -> 4.5000537 | AB81: 177.49 | AC81: =+Y81 -> 83280 | AD81: 83692 | AE81: =+AD81-AC81 -> 412 | AF81: =+AE81/(AB81+-AG81) -> 3.7264834 | AG81: 66.93 | AH81: =+AD81 -> 83692 | AI81: 84976 | AJ81: =+AI81-AH81 -> 1284 | AK81: =+AJ81/(AG81+100+33+114-AL81) -> 4.9120122 | AL81: 52.53 | AM81: =+AI81 -> 84976 | AN81: 85566 | AO81: =+AN81-AM81 -> 590 | AP81: =+AO81/(AL81+119-AQ81) -> 4.6329015 | AQ81: 44.18
A82: =+A81+1 -> 65 | B82: WILSON CABALLERO | C82: SUZUKI 1867 LSK | D82: 64082 | E82: 65060 | F82: 978 | G82: 7.0122607 | H82: 24.72 | I82: =+E82 -> 65060 | J82: 65285 | K82: =+J82-I82 -> 225 | L82: =+K82/(24.72+30-26.6) -> 8.0014225 | M82: 26.6 | N82: =+J82 -> 65285 | O82: 65712 | P82: =+O82-N82 -> 427 | Q82: =+P82/(M82+28.74+62.9-R82) -> 8.0007495 | R82: 64.87 | S82: =+O82 -> 65712 | T82: 66136 | U82: =+T82-S82 -> 424 | V82: =+U82/(R82+30-W82) -> 8 | W82: 41.87 | X82: =+T82 -> 66136 | Y82: 66586 | Z82: =+Y82-X82 -> 450 | AA82: =+Z82/(W82+30+42.87-AB82) -> 8 | AB82: 58.49 | AC82: =+Y82 -> 66586 | AD82: 67006 | AE82: =+AD82-AC82 -> 420 | AF82: =+AE82/(AB82+30-AG82) -> 8 | AG82: 35.99 | AH82: =+AD82 -> 67006 | AI82: 67876 | AJ82: =+AI82-AH82 -> 870 | AK82: =+AJ82/(AG82+10+28+30+30-AL82) -> 8 | AL82: 25.24 | AM82: =+AI82 -> 67876 | AN82: 68075 | AO82: =+AN82-AM82 -> 199 | AP82: =+AO82/(AL82-AQ82) -> 7.9983923 | AQ82: 0.36

Sheet Hoja1
A18: El uso de la Gasolina es para en carguio en los tanques de los vehículos y en algun caso en bidones para viajes largos que rezalizan las Unidades Ejecutoras para Proyectos y Otros en la movilidades del Gobierno Autonomo Departamental de Potosi

Sheet Hoja2
A1: 263
A2: 564.5
A3: 808
A4: 41
A5: 41
A6: 1290.5
A7: 1234.5
A8: 1123
A9: 345.5
A10: 1089
A11: 242.5
A12: 41
... A28: 5472
A29: =SUM(A1:A28) -> 27429

Sheet FORMATO BITACORA (2)
A1: REPORTE DE USO DE COMBUSTIBLE EN VEHíCULOS
A2: GESTION | C2: 2026 | K2: SECRETARIA : | M2: ADMINISTRATIVA FINANCIERA
A3: MES | C3: ENERO | K3: TIPO DE VEHICULO | M3: CAMIONETA
A4: CHOFER | C4: DANIEL MAMANI CHOQUE | K4: PLACA | M4: 2980 XPC
A5: LUGAR | C5: POTOSI | K5: COLOR | M5: PLOMO
A6: FECHA | B6: Nº VALE | C6: CANT. | D6: OBJETO DE VIAJE O TRABAJO | H6: COMBUSTIBLE | K6: KILOMETRAJE | N6: KILOMETRAJE POR LITRO GASOLINA | P6: RESPONSABLE DE VIAJE
H7: INGRESO | I7: UTILIZADO (*) | J7: SALDO | K7: SALIDA | L7: LLEGADA | M7: RECORRIDO
D8: SALDO ANTERIOR | J8: 62.43 | L8: 463577
A9: 46023 | D9: APOYO LOCAL | H9: =C9 -> 0 | I9: =+M9/N9 -> 7.1666667 | J9: =+J8+H9-I9 -> 55.263333 | K9: =+L8 -> 463577 | L9: 463620 | M9: =+L9-K9 -> 43 | N9: 6
A10: 46024 | D10: APOYO LOCAL | H10: =C10 -> 0 | I10: =+M10/N10 -> 0 | J10: =+J9+H10-I10 -> 55.263333 | K10: =+L9 -> 463620 | L10: 463620 | M10: =+L10-K10 -> 0 | N10: 6
A11: 46025 | D11: APOYO LOCAL | H11: =C11 -> 0 | I11: =+M11/N11 -> 0 | J11: =+J10+H11-I11 -> 55.263333 | K11: =+L10 -> 463620 | L11: 463620 | M11: =+L11-K11 -> 0 | N11: 6
A12: 46026 | D12: APOYO LOCAL | H12: =C12 -> 0 | I12: =+M12/N12 -> 0 | J12: =+J11+H12-I12 -> 55.263333 | K12: =+L11 -> 463620 | L12: 463620 | M12: =+L12-K12 -> 0 | N12: 6
A13: 46027 | D13: APOYO LOCAL | H13: =C13 -> 0 | I13: =+M13/N13 -> 0 | J13: =+J12+H13-I13 -> 55.263333 | K13: =+L12 -> 463620 | L13: 463620 | M13: =+L13-K13 -> 0 | N13: 6
A14: 46028 | D14: APOYO LOCAL | H14: =C14 -> 0 | I14: =+M14/N14 -> 6.3333333 | J14: =+J13+H14-I14 -> 48.93 | K14: =+L13 -> 463620 | L14: 463658 | M14: =+L14-K14 -> 38 | N14: 6
A15: 46029 | D15: APOYO LOCAL | H15: =C15 -> 0 | I15: =+M15/N15 -> 3.8333333 | J15: =+J14+H15-I15 -> 45.096667 | K15: =+L14 -> 463658 | L15: 463681 | M15: =+L15-K15 -> 23 | N15: 6
A16: 46030 | D16: APOYO LOCAL | H16: =C16 -> 0 | I16: =+M16/N16 -> 7.3333333 | J16: =+J15+H16-I16 -> 37.763333 | K16: =+L15 -> 463681 | L16: 463725 | M16: =+L16-K16 -> 44 | N16: 6
A17: 46031 | B17: 20553 | C17: 30 | D17: APOYO LOCAL | H17: =C17 -> 30 | I17: =+M17/N17 -> 7.8333333 | J17: =+J16+H17-I17 -> 59.93 | K17: =+L16 -> 463725 | L17: 463772 | M17: =+L17-K17 -> 47 | N17: 6
A18: 46032 | D18: APOYO LOCAL | H18: =C18 -> 0 | I18: =+M18/N18 -> 8 | J18: =+J17+H18-I18 -> 51.93 | K18: =+L17 -> 463772 | L18: 463820 | M18: =+L18-K18 -> 48 | N18: 6
A19: 46033 | D19: APOYO LOCAL | H19: =C19 -> 0 | I19: =+M19/N19 -> 8.1666667 | J19: =+J18+H19-I19 -> 43.763333 | K19: =+L18 -> 463820 | L19: 463869 | M19: =+L19-K19 -> 49 | N19: 6
A20: 46034 | D20: APOYO LOCAL | H20: =C20 -> 0 | I20: =+M20/N20 -> 0 | J20: =+J19+H20-I20 -> 43.763333 | K20: =+L19 -> 463869 | L20: 463869 | M20: =+L20-K20 -> 0 | N20: 6
A21: 46035 | D21: APOYO LOCAL | H21: =C21 -> 0 | I21: =+M21/N21 -> 7.8333333 | J21: =+J20+H21-I21 -> 35.93 | K21: =+L20 -> 463869 | L21: 463916 | M21: =+L21-K21 -> 47 | N21: 6
A22: 46036 | B22: 20554 | C22: 30 | D22: APOYO LOCAL | H22: =C22 -> 30 | I22: =+M22/N22 -> 7.8333333 | J22: =+J21+H22-I22 -> 58.096667 | K22: =+L21 -> 463916 | L22: 463963 | M22: =+L22-K22 -> 47 | N22: 6
A23: 46037 | D23: VIAJE MUNCIPIO DE YOCALLA SG O.S. 250 | H23: =C23 -> 0 | I23: =+M23/N23 -> 25.333333 | J23: =+J22+H23-I23 -> 32.763333 | K23: =+L22 -> 463963 | L23: 464115 | M23: =+L23-K23 -> 152 | N23: 6
A25: (*) Promedio de litro de combustible utilizado en relación a kilometros recorridos.
A26: KILOMETRAJE INICIAL | E26: =+K9 -> 463577 | G26: FIRMA CONDUCTOR | I26: CONFORMIDAD INMEDIATO SUPERIOR | K26: CONFORMIDAD MAESTRANZA | M26: CONFORMIDAD ACTIVOS FIJOS | O26: CONFORMIDAD RESP. DE COMBUSTIBLE
A27: KILOMETRAJE FINAL | E27: =+L23 -> 464115
A28: KILOMETRAJE RECORRIDO | E28: =+E27-E26 -> 538
A29: COMBUSTIBLE CARGADO EN EL PERIODO | E29: =SUM(H9:H24) -> 60
A30: COMBUSTIBLE CONSUMIDO EN EL PERIODO | E30: =SUM(I9:I23) -> 89.666667
A31: KILOMETRAJE POR LITRO GASOLINA | E31: =(SUM(N9:O23))/15 -> 6
A32: LITROS SOBRANTES PARA EL MES SIGUIENTE | E32: =+J23 -> 32.763333
A34: OBSERVACIONES:

Sheet FORMATO BITACORA
A1: GESTION | B1: 2026 | D1: REPORTE DE USO DE COMBUSTIBLE EN VEHíCULOS | L1: SECRETARIA :
A3: MES | J3: TIPO DE VEHICULO
A4: CHOFER | J4: PLACA
A5: LUGAR | J5: COLOR
A6: FECHA | B6: Nº VALE | C6: CANT. | D6: OBJETO DE VIAJE O TRABAJO | G6: COMBUSTIBLE | J6: KILOMETRAJE | M6: RESPONSABLE DE VIAJE | O6: FIRMA
G7: INGRESO | H7: UTILIZADO (*) | I7: SALDO | J7: SALIDA | K7: LLEGADA | L7: RECORRIDO
D8: SALDO ANTERIOR | I8: 14.58
I9: =+I8+G9-H9 -> #VALUE!
I10: =+I9+G10-H10 -> #VALUE!
I11: =+I10+G11-H11 -> #VALUE!
I12: =+I11+G12-H12 -> #VALUE!
I13: =+I12+G13-H13 -> #VALUE!
I14: =+I13+G14-H14 -> #VALUE!
I15: =+I14+G15-H15 -> #VALUE!
I16: =+I15+G16-H16 -> #VALUE!
I17: =+I16+G17-H17 -> #VALUE!
I18: =+I17+G18-H18 -> #VALUE!
I19: =+I18+G19-H19 -> #VALUE!
I20: =+I19+G20-H20 -> #VALUE!
I21: =+I20+G21-H21 -> #VALUE! | Q21: =H25+I25 -> 0
I22: =+I21+G22-H22 -> #VALUE!
A25: TOTALES
A26: (*) Promedio de litro de combustible utilizado en relación a kilometros recorridos.
A27: KILOMETRAJE INICIAL | F27: FIRMA CONDUCTOR | H27: CONFORMIDAD INMEDIATO SUPERIOR | J27: CONFORMIDAD MAESTRANZA | L27: CONFORMIDAD ACTIVOS FIJOS | N27: CONFORMIDAD RESP. DE COMBUSTIBLE
A28: KILOMETRAJE FINAL
A29: KILOMETRAJE RECORRIDO
A30: COMBUSTIBLE CONSUMIDO
A31: KILOMETRAJE POR LITRO GASOLINA
A32: LITROS SOBRANTES PARA EL MES SIGUIENTE
A34: OBSERVACIONES:

Sheet FORMATO BITACORA (3)
A1: REPORTE DE USO DE COMBUSTIBLE EN VEHíCULOS
A2: GESTION | C2: 2026 | K2: SECRETARIA : | M2: ADMINISTRATIVA FINANCIERA
A3: MES | C3: ENERO | K3: TIPO DE VEHICULO | M3: CAMIONETA
A4: CHOFER | C4: DANIEL MAMANI CHOQUE | K4: PLACA | M4: 2980 XPC
A5: LUGAR | C5: POTOSI | K5: COLOR | M5: PLOMO
A6: FECHA | B6: Nº VALE | C6: CANT. | D6: OBJETO DE VIAJE O TRABAJO | H6: COMBUSTIBLE | K6: KILOMETRAJE | N6: KILOMETRAJE POR LITRO GASOLINA | P6: RESPONSABLE DE VIAJE
H7: INGRESO | I7: UTILIZADO (*) | J7: SALDO | K7: SALIDA | L7: LLEGADA | M7: RECORRIDO
D8: SALDO ANTERIOR | J8: 133.9 | L8: 102100
A9: 46023 | D9: APOYO LOCAL | H9: =C9 -> 0 | I9: =+M9/N9 -> 0 | J9: =+J8+H9-I9 -> 133.9 | K9: =+L8 -> 102100 | L9: 102100 | M9: =+L9-K9 -> 0 | N9: 5
A10: 46024 | D10: APOYO LOCAL | H10: =C10 -> 0 | I10: =+M10/N10 -> 2 | J10: =+J9+H10-I10 -> 131.9 | K10: =+L9 -> 102100 | L10: 102110 | M10: =+L10-K10 -> 10 | N10: 5
A11: 46025 | D11: APOYO LOCAL | H11: =C11 -> 0 | I11: =+M11/N11 -> 2 | J11: =+J10+H11-I11 -> 129.9 | K11: =+L10 -> 102110 | L11: 102120 | M11: =+L11-K11 -> 10 | N11: 5
A12: 46026 | D12: APOYO LOCAL | H12: =C12 -> 0 | I12: =+M12/N12 -> 2 | J12: =+J11+H12-I12 -> 127.9 | K12: =+L11 -> 102120 | L12: 102130 | M12: =+L12-K12 -> 10 | N12: 5
A13: 46027 | D13: APOYO LOCAL | H13: =C13 -> 0 | I13: =+M13/N13 -> 2 | J13: =+J12+H13-I13 -> 125.9 | K13: =+L12 -> 102130 | L13: 102140 | M13: =+L13-K13 -> 10 | N13: 5
A14: 46028 | C14: 90 | D14: APOYO LOCAL | H14: =C14 -> 90 | I14: =+M14/N14 -> 2 | J14: =+J13+H14-I14 -> 213.9 | K14: =+L13 -> 102140 | L14: 102150 | M14: =+L14-K14 -> 10 | N14: 5
A15: 46029 | D15: APOYO LOCAL | H15: =C15 -> 0 | I15: =+M15/N15 -> 0 | J15: =+J14+H15-I15 -> 213.9 | K15: =+L14 -> 102150 | L15: 102150 | M15: =+L15-K15 -> 0 | N15: 5
A16: 46030 | D16: APOYO LOCAL | H16: =C16 -> 0 | I16: =+M16/N16 -> 0 | J16: =+J15+H16-I16 -> 213.9 | K16: =+L15 -> 102150 | L16: 102150 | M16: =+L16-K16 -> 0 | N16: 5
A17: 46031 | D17: APOYO LOCAL | H17: =C17 -> 0 | I17: =+M17/N17 -> 2 | J17: =+J16+H17-I17 -> 211.9 | K17: =+L16 -> 102150 | L17: 102160 | M17: =+L17-K17 -> 10 | N17: 5
A18: 46032 | D18: APOYO LOCAL | H18: =C18 -> 0 | I18: =+M18/N18 -> 2 | J18: =+J17+H18-I18 -> 209.9 | K18: =+L17 -> 102160 | L18: 102170 | M18: =+L18-K18 -> 10 | N18: 5
A19: 46033 | D19: APOYO LOCAL | H19: =C19 -> 0 | I19: =+M19/N19 -> 0 | J19: =+J18+H19-I19 -> 209.9 | K19: =+L18 -> 102170 | L19: 102170 | M19: =+L19-K19 -> 0 | N19: 5
A20: 46034 | D20: APOYO LOCAL | H20: =C20 -> 0 | I20: =+M20/N20 -> 2 | J20: =+J19+H20-I20 -> 207.9 | K20: =+L19 -> 102170 | L20: 102180 | M20: =+L20-K20 -> 10 | N20: 5
A21: 46035 | D21: APOYO LOCAL | H21: =C21 -> 0 | I21: =+M21/N21 -> 2 | J21: =+J20+H21-I21 -> 205.9 | K21: =+L20 -> 102180 | L21: 102190 | M21: =+L21-K21 -> 10 | N21: 5
A22: 46036 | D22: APOYO LOCAL | H22: =C22 -> 0 | I22: =+M22/N22 -> 0 | J22: =+J21+H22-I22 -> 205.9 | K22: =+L21 -> 102190 | L22: 102190 | M22: =+L22-K22 -> 0 | N22: 5
A23: 46037 | D23: VIAJE MUNCIPIO DE YOCALLA SG O.S. 250 | H23: =C23 -> 0 | I23: =+M23/N23 -> 0 | J23: =+J22+H23-I23 -> 205.9 | K23: =+L22 -> 102190 | L23: 102190 | M23: =+L23-K23 -> 0 | N23: 5
A25: (*) Promedio de litro de combustible utilizado en relación a kilometros recorridos.
A26: KILOMETRAJE INICIAL | E26: =+K9 -> 102100 | G26: FIRMA CONDUCTOR | I26: CONFORMIDAD INMEDIATO SUPERIOR | K26: CONFORMIDAD MAESTRANZA | M26: CONFORMIDAD ACTIVOS FIJOS | O26: CONFORMIDAD RESP. DE COMBUSTIBLE
A27: KILOMETRAJE FINAL | E27: =+L23 -> 102190
A28: KILOMETRAJE RECORRIDO | E28: =+E27-E26 -> 90
A29: COMBUSTIBLE CARGADO EN EL PERIODO | E29: =SUM(H9:H24) -> 90
A30: COMBUSTIBLE CONSUMIDO EN EL PERIODO | E30: =SUM(I9:I23) -> 18
A31: KILOMETRAJE POR LITRO GASOLINA | E31: =(SUM(N9:O23))/15 -> 5
A32: LITROS SOBRANTES PARA EL MES SIGUIENTE | E32: =+J23 -> 205.9
A34: OBSERVACIONES:

Sheet EJEMPLO JMCC (1)
A1: REPORTE DE USO DE COMBUSTIBLE EN VEHíCULOS
A2: GESTION | C2: 2025 | K2: SECRETARIA : | M2: DESPACHO
A3: MES | C3: DICIEMBRE | K3: TIPO DE VEHICULO | M3: VAGONETA - TOYOTA
A4: CHOFER | C4: JOSE MANUEL CABEZAS | K4: PLACA | M4: 3772 ULS
A5: LUGAR | C5: POTOSI | K5: COLOR | M5: BLANCO
A6: FECHA | B6: Nº VALE | C6: CANT. | D6: OBJETO DE VIAJE O TRABAJO | H6: COMBUSTIBLE | K6: KILOMETRAJE | N6: RESPONSABLE DE VIAJE | P6: FIRMA
H7: INGRESO | I7: UTILIZADO (*) | J7: SALDO | K7: SALIDA | L7: LLEGADA | M7: RECORRIDO
D8: SALDO ANTERIOR | J8: 18 | L8: 420221
A9: 45992 | D9: APOYO LOCAL | H9: =C9 -> 0 | I9: =+M9/$E$31 -> 1.6 | J9: =+J8+H9-I9 -> 16.4 | K9: =+L8 -> 420221 | L9: =+L8+8 -> 420229 | M9: =+L9-K9 -> 8
A10: 45993 | B10: 14727 | C10: 75 | D10: APOYO LOCAL | H10: =C10 -> 75 | I10: =+M10/$E$31 -> 1.2 | J10: =+J9+H10-I10 -> 90.2 | K10: =+L9 -> 420229 | L10: =+L9+6 -> 420235 | M10: =+L10-K10 -> 6
A11: 45994 | D11: APOYO LOCAL | H11: =C11 -> 0 | I11: =+M11/$E$31 -> 8.4 | J11: =+J10+H11-I11 -> 81.8 | K11: =+L10 -> 420235 | L11: =+L10+42 -> 420277 | M11: =+L11-K11 -> 42
A12: 45995 | D12: APOYO LOCAL | H12: =C12 -> 0 | I12: =+M12/$E$31 -> 7.2 | J12: =+J11+H12-I12 -> 74.6 | K12: =+L11 -> 420277 | L12: =+L11+36 -> 420313 | M12: =+L12-K12 -> 36
A13: 45996 | D13: APOYO LOCAL | H13: =C13 -> 0 | I13: =+M13/$E$31 -> 5 | J13: =+J12+H13-I13 -> 69.6 | K13: =+L12 -> 420313 | L13: =+L12+25 -> 420338 | M13: =+L13-K13 -> 25
A14: 45997 | D14: APOYO LOCAL | H14: =C14 -> 0 | I14: =+M14/$E$31 -> 0 | J14: =+J13+H14-I14 -> 69.6 | K14: =+L13 -> 420338 | L14: =+L13+0 -> 420338 | M14: =+L14-K14 -> 0
A15: 45998 | D15: APOYO LOCAL | H15: =C15 -> 0 | I15: =+M15/$E$31 -> 0 | J15: =+J14+H15-I15 -> 69.6 | K15: =+L14 -> 420338 | L15: =+L14+0 -> 420338 | M15: =+L15-K15 -> 0
A16: 45999 | D16: APOYO LOCAL | H16: =C16 -> 0 | I16: =+M16/$E$31 -> 1.8 | J16: =+J15+H16-I16 -> 67.8 | K16: =+L15 -> 420338 | L16: =+L15+9 -> 420347 | M16: =+L16-K16 -> 9
A17: 46000 | D17: APOYO LOCAL | H17: =C17 -> 0 | I17: =+M17/$E$31 -> 0 | J17: =+J16+H17-I17 -> 67.8 | K17: =+L16 -> 420347 | L17: =+L16+0 -> 420347 | M17: =+L17-K17 -> 0
A18: 46001 | D18: APOYO LOCAL | H18: =C18 -> 0 | I18: =+M18/$E$31 -> 9.6 | J18: =+J17+H18-I18 -> 58.2 | K18: =+L17 -> 420347 | L18: =+L17+48 -> 420395 | M18: =+L18-K18 -> 48
A19: 46002 | B19: COMPRA | C19: 40 | D19: APOYO LOCAL | H19: =C19 -> 40 | I19: =+M19/$E$31 -> 22 | J19: =+J18+H19-I19 -> 76.2 | K19: =+L18 -> 420395 | L19: =+L18+110 -> 420505 | M19: =+L19-K19 -> 110
A20: 46003 | D20: APOYO LOCAL | H20: =C20 -> 0 | I20: =+M20/$E$31 -> 5.8 | J20: =+J19+H20-I20 -> 70.4 | K20: =+L19 -> 420505 | L20: =+L19+29 -> 420534 | M20: =+L20-K20 -> 29
A21: 46004 | D21: APOYO LOCAL | H21: =C21 -> 0 | I21: =+M21/$E$31 -> 0 | J21: =+J20+H21-I21 -> 70.4 | K21: =+L20 -> 420534 | L21: =+L20+0 -> 420534 | M21: =+L21-K21 -> 0
A22: 46005 | D22: APOYO LOCAL | H22: =C22 -> 0 | I22: =+M22/$E$31 -> 0 | J22: =+J21+H22-I22 -> 70.4 | K22: =+L21 -> 420534 | L22: =+L21+0 -> 420534 | M22: =+L22-K22 -> 0
A23: 46006 | D23: APOYO LOCAL | H23: =C23 -> 0 | I23: =+M23/$E$31 -> 6.4 | J23: =+J22+H23-I23 -> 64 | K23: =+L22 -> 420534 | L23: =+L22+32 -> 420566 | M23: =+L23-K23 -> 32
A25: (*) Promedio de litro de combustible utilizado en relación a kilometros recorridos.
A26: KILOMETRAJE INICIAL | E26: =+K9 -> 420221 | G26: FIRMA CONDUCTOR | I26: CONFORMIDAD INMEDIATO SUPERIOR | K26: CONFORMIDAD MAESTRANZA | M26: CONFORMIDAD ACTIVOS FIJOS | O26: CONFORMIDAD RESP. DE COMBUSTIBLE
A27: KILOMETRAJE FINAL | E27: =+L23 -> 420566
A28: KILOMETRAJE RECORRIDO | E28: =+E27-E26 -> 345
A29: COMBUSTIBLE CARGADO EN EL PERIODO | E29: =SUM(H9:H24) -> 115
A30: COMBUSTIBLE CONSUMIDO EN EL PERIODO | E30: =SUM(I9:I23) -> 69
A31: KILOMETRAJE POR LITRO GASOLINA | E31: 5
A32: LITROS SOBRANTES PARA EL MES SIGUIENTE | E32: =+J23 -> 64
A34: OBSERVACIONES: | C34: En fecha 11 de diciembre se cargo combustible 40 Litros de forma particular, para su reposición si corresponde

Sheet EJEMPLO JMCC (2)
A1: REPORTE DE USO DE COMBUSTIBLE EN VEHíCULOS
A2: GESTION | C2: 2025 | K2: SECRETARIA : | M2: DESPACHO
A3: MES | C3: DICIEMBRE | K3: TIPO DE VEHICULO | M3: VAGONETA - TOYOTA
A4: CHOFER | C4: JOSE MANUEL CABEZAS | K4: PLACA | M4: 3772 ULS
A5: LUGAR | C5: POTOSI | K5: COLOR | M5: BLANCO
A6: FECHA | B6: Nº VALE | C6: CANT. | D6: OBJETO DE VIAJE O TRABAJO | H6: COMBUSTIBLE | K6: KILOMETRAJE | N6: RESPONSABLE DE VIAJE | P6: FIRMA
H7: INGRESO | I7: UTILIZADO (*) | J7: SALDO | K7: SALIDA | L7: LLEGADA | M7: RECORRIDO
D8: SALDO ANTERIOR | J8: =+'EJEMPLO JMCC (1)'!E32 -> 64 | L8: =+'EJEMPLO JMCC (1)'!E27 -> 420566
A9: 46007 | D9: APOYO LOCAL | H9: =C9 -> 0 | I9: =+M9/$E$31 -> 3.6 | J9: =+J8+H9-I9 -> 60.4 | K9: =+L8 -> 420566 | L9: =+L8+18 -> 420584 | M9: =+L9-K9 -> 18
A10: 46008 | D10: APOYO LOCAL | H10: =C10 -> 0 | I10: =+M10/$E$31 -> 7.2 | J10: =+J9+H10-I10 -> 53.2 | K10: =+L9 -> 420584 | L10: =+L9+36 -> 420620 | M10: =+L10-K10 -> 36
A11: 46009 | D11: APOYO LOCAL | H11: =C11 -> 0 | I11: =+M11/$E$31 -> 8.4 | J11: =+J10+H11-I11 -> 44.8 | K11: =+L10 -> 420620 | L11: =+L10+42 -> 420662 | M11: =+L11-K11 -> 42
A12: 46010 | B12: DEP | C12: 20 | D12: APOYO LOCAL | H12: =C12 -> 20 | I12: =+M12/$E$31 -> 27.2 | J12: =+J11+H12-I12 -> 37.6 | K12: =+L11 -> 420662 | L12: =+L11+136 -> 420798 | M12: =+L12-K12 -> 136
A13: 46011 | D13: APOYO LOCAL | H13: =C13 -> 0 | I13: =+M13/$E$31 -> 0 | J13: =+J12+H13-I13 -> 37.6 | K13: =+L12 -> 420798 | L13: =+L12+0 -> 420798 | M13: =+L13-K13 -> 0
A14: 46012 | D14: APOYO LOCAL | H14: =C14 -> 0 | I14: =+M14/$E$31 -> 0 | J14: =+J13+H14-I14 -> 37.6 | K14: =+L13 -> 420798 | L14: =+L13+0 -> 420798 | M14: =+L14-K14 -> 0
A15: 46013 | D15: APOYO LOCAL | H15: =C15 -> 0 | I15: =+M15/$E$31 -> 0 | J15: =+J14+H15-I15 -> 37.6 | K15: =+L14 -> 420798 | L15: =+L14+0 -> 420798 | M15: =+L15-K15 -> 0
A16: 46014 | B16: 14728 | C16: 115 | D16: APOYO LOCAL | H16: =C16 -> 115 | I16: =+M16/$E$31 -> 23.8 | J16: =+J15+H16-I16 -> 128.8 | K16: =+L15 -> 420798 | L16: =+L15+119 -> 420917 | M16: =+L16-K16 -> 119
A17: 46015 | D17: APOYO LOCAL | H17: =C17 -> 0 | I17: =+M17/$E$31 -> 5 | J17: =+J16+H17-I17 -> 123.8 | K17: =+L16 -> 420917 | L17: =+L16+25 -> 420942 | M17: =+L17-K17 -> 25
A18: 46016 | D18: APOYO LOCAL | H18: =C18 -> 0 | I18: =+M18/$E$31 -> 0 | J18: =+J17+H18-I18 -> 123.8 | K18: =+L17 -> 420942 | L18: =+L17+0 -> 420942 | M18: =+L18-K18 -> 0
A19: 46017 | D19: APOYO LOCAL | H19: =C19 -> 0 | I19: =+M19/$E$31 -> 37.4 | J19: =+J18+H19-I19 -> 86.4 | K19: =+L18 -> 420942 | L19: =+L18+187 -> 421129 | M19: =+L19-K19 -> 187
A20: 46018 | D20: APOYO LOCAL | H20: =C20 -> 0 | I20: =+M20/$E$31 -> 0 | J20: =+J19+H20-I20 -> 86.4 | K20: =+L19 -> 421129 | L20: =+L19+0 -> 421129 | M20: =+L20-K20 -> 0
A21: 46019 | D21: APOYO LOCAL | H21: =C21 -> 0 | I21: =+M21/$E$31 -> 0 | J21: =+J20+H21-I21 -> 86.4 | K21: =+L20 -> 421129 | L21: =+L20+0 -> 421129 | M21: =+L21-K21 -> 0
A22: 46020 | D22: APOYO LOCAL | H22: =C22 -> 0 | I22: =+M22/$E$31 -> 18.6 | J22: =+J21+H22-I22 -> 67.8 | K22: =+L21 -> 421129 | L22: =+L21+93 -> 421222 | M22: =+L22-K22 -> 93
A23: 46021 | D23: APOYO LOCAL | H23: =C23 -> 0 | I23: =+M23/$E$31 -> 6.4 | J23: =+J22+H23-I23 -> 61.4 | K23: =+L22 -> 421222 | L23: =+L22+32 -> 421254 | M23: =+L23-K23 -> 32
A24: 46022 | D24: APOYO LOCAL | H24: =C24 -> 0 | I24: =+M24/$E$31 -> 5 | J24: =+J23+H24-I24 -> 56.4 | K24: =+L23 -> 421254 | L24: =+L23+25 -> 421279 | M24: =+L24-K24 -> 25
A25: (*) Promedio de litro de combustible utilizado en relación a kilometros recorridos.
A26: KILOMETRAJE INICIAL | E26: =+K9 -> 420566 | G26: FIRMA CONDUCTOR | I26: CONFORMIDAD INMEDIATO SUPERIOR | K26: CONFORMIDAD MAESTRANZA | M26: CONFORMIDAD ACTIVOS FIJOS | O26: CONFORMIDAD RESP. DE COMBUSTIBLE
A27: KILOMETRAJE FINAL | E27: =+L24 -> 421279
A28: KILOMETRAJE RECORRIDO | E28: =+E27-E26 -> 713
A29: COMBUSTIBLE CARGADO EN EL PERIODO | E29: =SUM(H9:H24) -> 135
A30: COMBUSTIBLE CONSUMIDO EN EL PERIODO | E30: =SUM(I9:I24) -> 142.6
A31: KILOMETRAJE POR LITRO GASOLINA | E31: 5
A32: LITROS SOBRANTES PARA EL MES SIGUIENTE | E32: =+J24 -> 56.4
A34: OBSERVACIONES:

Sheet EJEMPLO JMCC (3)
A1: REPORTE DE USO DE COMBUSTIBLE EN VEHíCULOS
A2: GESTION | C2: 2026 | K2: SECRETARIA : | M2: DESPACHO
A3: MES | C3: ENERO | K3: TIPO DE VEHICULO | M3: VAGONETA - TOYOTA
A4: CHOFER | C4: JOSE MANUEL CABEZAS | K4: PLACA | M4: 3772 ULS
A5: LUGAR | C5: POTOSI | K5: COLOR | M5: BLANCO
A6: FECHA | B6: Nº VALE | C6: CANT. | D6: OBJETO DE VIAJE O TRABAJO | H6: COMBUSTIBLE | K6: KILOMETRAJE | N6: RESPONSABLE DE VIAJE | P6: FIRMA
H7: INGRESO | I7: UTILIZADO (*) | J7: SALDO | K7: SALIDA | L7: LLEGADA | M7: RECORRIDO
D8: SALDO ANTERIOR | J8: =+'EJEMPLO JMCC (2)'!E32 -> 56.4 | L8: =+'EJEMPLO JMCC (2)'!E27 -> 421279
A9: 46023 | D9: APOYO LOCAL | H9: =C9 -> 0 | I9: =+M9/$E$31 -> 0 | J9: =+J8+H9-I9 -> 56.4 | K9: =+L8 -> 421279 | L9: =+L8+0 -> 421279 | M9: =+L9-K9 -> 0
A10: 46024 | D10: APOYO LOCAL | H10: =C10 -> 0 | I10: =+M10/$E$31 -> 1 | J10: =+J9+H10-I10 -> 55.4 | K10: =+L9 -> 421279 | L10: =+L9+5 -> 421284 | M10: =+L10-K10 -> 5
A11: 46025 | D11: APOYO LOCAL | H11: =C11 -> 0 | I11: =+M11/$E$31 -> 0 | J11: =+J10+H11-I11 -> 55.4 | K11: =+L10 -> 421284 | L11: =+L10+0 -> 421284 | M11: =+L11-K11 -> 0
A12: 46026 | D12: APOYO LOCAL | H12: =C12 -> 0 | I12: =+M12/$E$31 -> 0 | J12: =+J11+H12-I12 -> 55.4 | K12: =+L11 -> 421284 | L12: =+L11+0 -> 421284 | M12: =+L12-K12 -> 0
A13: 46027 | D13: APOYO LOCAL | H13: =C13 -> 0 | I13: =+M13/$E$31 -> 0.6 | J13: =+J12+H13-I13 -> 54.8 | K13: =+L12 -> 421284 | L13: =+L12+3 -> 421287 | M13: =+L13-K13 -> 3
A14: 46028 | D14: APOYO LOCAL | H14: =C14 -> 0 | I14: =+M14/$E$31 -> 0.6 | J14: =+J13+H14-I14 -> 54.2 | K14: =+L13 -> 421287 | L14: =+L13+3 -> 421290 | M14: =+L14-K14 -> 3
A15: 46029 | D15: APOYO LOCAL | H15: =C15 -> 0 | I15: =+M15/$E$31 -> 1 | J15: =+J14+H15-I15 -> 53.2 | K15: =+L14 -> 421290 | L15: =+L14+5 -> 421295 | M15: =+L15-K15 -> 5
A16: 46030 | D16: APOYO LOCAL | H16: =C16 -> 0 | I16: =+M16/$E$31 -> 0.6 | J16: =+J15+H16-I16 -> 52.6 | K16: =+L15 -> 421295 | L16: =+L15+3 -> 421298 | M16: =+L16-K16 -> 3
A17: 46031 | D17: APOYO LOCAL | H17: =C17 -> 0 | I17: =+M17/$E$31 -> 0 | J17: =+J16+H17-I17 -> 52.6 | K17: =+L16 -> 421298 | L17: =+L16+0 -> 421298 | M17: =+L17-K17 -> 0
A18: 46032 | D18: APOYO LOCAL | H18: =C18 -> 0 | I18: =+M18/$E$31 -> 0 | J18: =+J17+H18-I18 -> 52.6 | K18: =+L17 -> 421298 | L18: =+L17+0 -> 421298 | M18: =+L18-K18 -> 0
A19: 46033 | D19: APOYO LOCAL | H19: =C19 -> 0 | I19: =+M19/$E$31 -> 0 | J19: =+J18+H19-I19 -> 52.6 | K19: =+L18 -> 421298 | L19: =+L18+0 -> 421298 | M19: =+L19-K19 -> 0
A20: 46034 | D20: APOYO LOCAL | H20: =C20 -> 0 | I20: =+M20/$E$31 -> 1.2 | J20: =+J19+H20-I20 -> 51.4 | K20: =+L19 -> 421298 | L20: =+L19+6 -> 421304 | M20: =+L20-K20 -> 6
A21: 46035 | B21: 14729 | C21: 40 | D21: APOYO LOCAL | H21: =C21 -> 40 | I21: =+M21/$E$31 -> 2 | J21: =+J20+H21-I21 -> 89.4 | K21: =+L20 -> 421304 | L21: =+L20+10 -> 421314 | M21: =+L21-K21 -> 10
A22: 46036 | D22: APOYO LOCAL | H22: =C22 -> 0 | I22: =+M22/$E$31 -> 1 | J22: =+J21+H22-I22 -> 88.4 | K22: =+L21 -> 421314 | L22: =+L21+5 -> 421319 | M22: =+L22-K22 -> 5
A23: 46037 | D23: APOYO LOCAL | H23: =C23 -> 0 | I23: =+M23/$E$31 -> 4.4 | J23: =+J22+H23-I23 -> 84 | K23: =+L22 -> 421319 | L23: =+L22+22 -> 421341 | M23: =+L23-K23 -> 22
A25: (*) Promedio de litro de combustible utilizado en relación a kilometros recorridos.
A26: KILOMETRAJE INICIAL | E26: =+K9 -> 421279 | G26: FIRMA CONDUCTOR | I26: CONFORMIDAD INMEDIATO SUPERIOR | K26: CONFORMIDAD MAESTRANZA | M26: CONFORMIDAD ACTIVOS FIJOS | O26: CONFORMIDAD RESP. DE COMBUSTIBLE
A27: KILOMETRAJE FINAL | E27: =+L23 -> 421341
A28: KILOMETRAJE RECORRIDO | E28: =+E27-E26 -> 62
A29: COMBUSTIBLE CARGADO EN EL PERIODO | E29: =SUM(H9:H24) -> 40
A30: COMBUSTIBLE CONSUMIDO EN EL PERIODO | E30: =SUM(I9:I23) -> 12.4
A31: KILOMETRAJE POR LITRO GASOLINA | E31: 5
A32: LITROS SOBRANTES PARA EL MES SIGUIENTE | E32: =+J23 -> 84
A34: OBSERVACIONES:

Sheet EJEMPLO JMCC (4)
A1: REPORTE DE USO DE COMBUSTIBLE EN VEHíCULOS
A2: GESTION | C2: 2026 | K2: SECRETARIA : | M2: DESPACHO
A3: MES | C3: ENERO | K3: TIPO DE VEHICULO | M3: VAGONETA - TOYOTA
A4: CHOFER | C4: JOSE MANUEL CABEZAS | K4: PLACA | M4: 3772 ULS
A5: LUGAR | C5: POTOSI | K5: COLOR | M5: BLANCO
A6: FECHA | B6: Nº VALE | C6: CANT. | D6: OBJETO DE VIAJE O TRABAJO | H6: COMBUSTIBLE | K6: KILOMETRAJE | N6: RESPONSABLE DE VIAJE | P6: FIRMA
H7: INGRESO | I7: UTILIZADO (*) | J7: SALDO | K7: SALIDA | L7: LLEGADA | M7: RECORRIDO
D8: SALDO ANTERIOR | J8: =+'EJEMPLO JMCC (3)'!E32 -> 84 | L8: =+'EJEMPLO JMCC (3)'!E27 -> 421341
A9: 46038 | B9: 14730 | C9: 60 | D9: APOYO LOCAL | H9: =C9 -> 60 | I9: =+M9/$E$31 -> 38 | J9: =+J8+H9-I9 -> 106 | K9: =+L8 -> 421341 | L9: =+L8+190 -> 421531 | M9: =+L9-K9 -> 190
A10: =+A9+1 -> 46039 | D10: APOYO LOCAL | H10: =C10 -> 0 | I10: =+M10/$E$31 -> 0 | J10: =+J9+H10-I10 -> 106 | K10: =+L9 -> 421531 | L10: =+L9+0 -> 421531 | M10: =+L10-K10 -> 0
A11: =+A10+1 -> 46040 | D11: APOYO LOCAL | H11: =C11 -> 0 | I11: =+M11/$E$31 -> 0 | J11: =+J10+H11-I11 -> 106 | K11: =+L10 -> 421531 | L11: =+L10+0 -> 421531 | M11: =+L11-K11 -> 0
A12: =+A11+1 -> 46041 | D12: APOYO LOCAL | H12: =C12 -> 0 | I12: =+M12/$E$31 -> 11 | J12: =+J11+H12-I12 -> 95 | K12: =+L11 -> 421531 | L12: =+L11+55 -> 421586 | M12: =+L12-K12 -> 55
A13: =+A12+1 -> 46042 | B13: 14734 | C13: 60 | D13: APOYO LOCAL | H13: =C13 -> 60 | I13: =+M13/$E$31 -> 50 | J13: =+J12+H13-I13 -> 105 | K13: =+L12 -> 421586 | L13: =+L12+250 -> 421836 | M13: =+L13-K13 -> 250
A14: =+A13+1 -> 46043 | B14: 14731 | C14: 96 | D14: APOYO LOCAL | H14: =C14 -> 96 | I14: =+M14/$E$31 -> 28 | J14: =+J13+H14-I14 -> 173 | K14: =+L13 -> 421836 | L14: =+L13+140 -> 421976 | M14: =+L14-K14 -> 140
A15: =+A14+1 -> 46044 | D15: APOYO LOCAL | H15: =C15 -> 0 | I15: =+M15/$E$31 -> 7.4 | J15: =+J14+H15-I15 -> 165.6 | K15: =+L14 -> 421976 | L15: =+L14+37 -> 422013 | M15: =+L15-K15 -> 37
A16: =+A15+1 -> 46045 | D16: APOYO LOCAL | H16: =C16 -> 0 | I16: =+M16/$E$31 -> 23.8 | J16: =+J15+H16-I16 -> 141.8 | K16: =+L15 -> 422013 | L16: =+L15+119 -> 422132 | M16: =+L16-K16 -> 119
A17: =+A16+1 -> 46046 | D17: APOYO LOCAL | H17: =C17 -> 0 | I17: =+M17/$E$31 -> 0 | J17: =+J16+H17-I17 -> 141.8 | K17: =+L16 -> 422132 | L17: =+L16+0 -> 422132 | M17: =+L17-K17 -> 0
A18: =+A17+1 -> 46047 | D18: APOYO LOCAL | H18: =C18 -> 0 | I18: =+M18/$E$31 -> 0 | J18: =+J17+H18-I18 -> 141.8 | K18: =+L17 -> 422132 | L18: =+L17+0 -> 422132 | M18: =+L18-K18 -> 0
A19: =+A18+1 -> 46048 | D19: APOYO LOCAL | H19: =C19 -> 0 | I19: =+M19/$E$31 -> 68.2 | J19: =+J18+H19-I19 -> 73.6 | K19: =+L18 -> 422132 | L19: =+L18+341 -> 422473 | M19: =+L19-K19 -> 341
A20: =+A19+1 -> 46049 | D20: APOYO LOCAL | H20: =C20 -> 0 | I20: =+M20/$E$31 -> 0 | J20: =+J19+H20-I20 -> 73.6 | K20: =+L19 -> 422473 | L20: =+L19+0 -> 422473 | M20: =+L20-K20 -> 0
A21: =+A20+1 -> 46050 | B21: 14733 | C21: 150.2 | D21: APOYO LOCAL | H21: =C21 -> 150.2 | I21: =+M21/$E$31 -> 0 | J21: =+J20+H21-I21 -> 223.8 | K21: =+L20 -> 422473 | L21: =+L20+0 -> 422473 | M21: =+L21-K21 -> 0
A22: =+A21+1 -> 46051 | D22: APOYO LOCAL | H22: =C22 -> 0 | I22: =+M22/$E$31 -> 68.8 | J22: =+J21+H22-I22 -> 155 | K22: =+L21 -> 422473 | L22: =+L21+344 -> 422817 | M22: =+L22-K22 -> 344
A23: =+A22+1 -> 46052 | D23: APOYO LOCAL | H23: =C23 -> 0 | I23: =+M23/$E$31 -> 52.6 | J23: =+J22+H23-I23 -> 102.4 | K23: =+L22 -> 422817 | L23: =+L22+263 -> 423080 | M23: =+L23-K23 -> 263
A24: =+A23+1 -> 46053 | D24: APOYO LOCAL | H24: =C24 -> 0 | I24: =+M24/$E$31 -> 24 | J24: =+J23+H24-I24 -> 78.4 | K24: =+L23 -> 423080 | L24: =+L23+120 -> 423200 | M24: =+L24-K24 -> 120
A25: (*) Promedio de litro de combustible utilizado en relación a kilometros recorridos.
A26: KILOMETRAJE INICIAL | E26: =+K9 -> 421341 | G26: FIRMA CONDUCTOR | I26: CONFORMIDAD INMEDIATO SUPERIOR | K26: CONFORMIDAD MAESTRANZA | M26: CONFORMIDAD ACTIVOS FIJOS | O26: CONFORMIDAD RESP. DE COMBUSTIBLE
A27: KILOMETRAJE FINAL | E27: =+L24 -> 423200
A28: KILOMETRAJE RECORRIDO | E28: =+E27-E26 -> 1859
A29: COMBUSTIBLE CARGADO EN EL PERIODO | E29: =SUM(H9:H24) -> 366.2
A30: COMBUSTIBLE CONSUMIDO EN EL PERIODO | E30: =SUM(I9:I24) -> 371.8
A31: KILOMETRAJE POR LITRO GASOLINA | E31: 5
A32: LITROS SOBRANTES PARA EL MES SIGUIENTE | E32: =+J24 -> 78.4
A34: OBSERVACIONES:

Sheet EJEMPLO JMCC (5)
A1: REPORTE DE USO DE COMBUSTIBLE EN VEHíCULOS
A2: GESTION | C2: 2026 | K2: SECRETARIA : | M2: DESPACHO
A3: MES | C3: FEBRERO | K3: TIPO DE VEHICULO | M3: VAGONETA - TOYOTA
A4: CHOFER | C4: JOSE MANUEL CABEZAS | K4: PLACA | M4: 3772 ULS
A5: LUGAR | C5: POTOSI | K5: COLOR | M5: BLANCO
A6: FECHA | B6: Nº VALE | C6: CANT. | D6: OBJETO DE VIAJE O TRABAJO | H6: COMBUSTIBLE | K6: KILOMETRAJE | N6: RESPONSABLE DE VIAJE | P6: FIRMA
H7: INGRESO | I7: UTILIZADO (*) | J7: SALDO | K7: SALIDA | L7: LLEGADA | M7: RECORRIDO
D8: SALDO ANTERIOR | J8: =+'EJEMPLO JMCC (4)'!E32 -> 78.4 | L8: =+'EJEMPLO JMCC (4)'!E27 -> 423200
A9: 46054 | D9: APOYO LOCAL | H9: =C9 -> 0 | I9: =+M9/$E$31 -> 0 | J9: =+J8+H9-I9 -> 78.4 | K9: =+L8 -> 423200 | L9: =+L8+0 -> 423200 | M9: =+L9-K9 -> 0
A10: =+A9+1 -> 46055 | B10: 14732 | C10: 79.76 | D10: APOYO LOCAL | H10: =C10 -> 79.76 | I10: =+M10/$E$31 -> 11 | J10: =+J9+H10-I10 -> 147.16 | K10: =+L9 -> 423200 | L10: =+L9+55 -> 423255 | M10: =+L10-K10 -> 55
A11: =+A10+1 -> 46056 | D11: APOYO LOCAL | H11: =C11 -> 0 | I11: =+M11/$E$31 -> 2.4 | J11: =+J10+H11-I11 -> 144.76 | K11: =+L10 -> 423255 | L11: =+L10+12 -> 423267 | M11: =+L11-K11 -> 12
A12: =+A11+1 -> 46057 | D12: APOYO LOCAL | H12: =C12 -> 0 | I12: =+M12/$E$31 -> 5 | J12: =+J11+H12-I12 -> 139.76 | K12: =+L11 -> 423267 | L12: =+L11+25 -> 423292 | M12: =+L12-K12 -> 25
A13: =+A12+1 -> 46058 | D13: APOYO LOCAL | H13: =C13 -> 0 | I13: =+M13/$E$31 -> 5 | J13: =+J12+H13-I13 -> 134.76 | K13: =+L12 -> 423292 | L13: =+L12+25 -> 423317 | M13: =+L13-K13 -> 25
A14: =+A13+1 -> 46059 | D14: APOYO LOCAL | H14: =C14 -> 0 | I14: =+M14/$E$31 -> 19 | J14: =+J13+H14-I14 -> 115.76 | K14: =+L13 -> 423317 | L14: =+L13+95 -> 423412 | M14: =+L14-K14 -> 95
A15: =+A14+1 -> 46060 | D15: APOYO LOCAL | H15: =C15 -> 0 | I15: =+M15/$E$31 -> 0 | J15: =+J14+H15-I15 -> 115.76 | K15: =+L14 -> 423412 | L15: =+L14+0 -> 423412 | M15: =+L15-K15 -> 0
A16: =+A15+1 -> 46061 | D16: APOYO LOCAL | H16: =C16 -> 0 | I16: =+M16/$E$31 -> 0 | J16: =+J15+H16-I16 -> 115.76 | K16: =+L15 -> 423412 | L16: =+L15+0 -> 423412 | M16: =+L16-K16 -> 0
A17: =+A16+1 -> 46062 | D17: APOYO LOCAL | H17: =C17 -> 0 | I17: =+M17/$E$31 -> 3 | J17: =+J16+H17-I17 -> 112.76 | K17: =+L16 -> 423412 | L17: =+L16+15 -> 423427 | M17: =+L17-K17 -> 15
A18: =+A17+1 -> 46063 | D18: APOYO LOCAL | H18: =C18 -> 0 | I18: =+M18/$E$31 -> 22.8 | J18: =+J17+H18-I18 -> 89.96 | K18: =+L17 -> 423427 | L18: =+L17+114 -> 423541 | M18: =+L18-K18 -> 114
A19: =+A18+1 -> 46064 | D19: APOYO LOCAL | H19: =C19 -> 0 | I19: =+M19/$E$31 -> 0.4 | J19: =+J18+H19-I19 -> 89.56 | K19: =+L18 -> 423541 | L19: =+L18+2 -> 423543 | M19: =+L19-K19 -> 2
A20: =+A19+1 -> 46065 | D20: APOYO LOCAL | H20: =C20 -> 0 | I20: =+M20/$E$31 -> 0.8 | J20: =+J19+H20-I20 -> 88.76 | K20: =+L19 -> 423543 | L20: =+L19+4 -> 423547 | M20: =+L20-K20 -> 4
A21: =+A20+1 -> 46066 | D21: APOYO LOCAL | H21: =C21 -> 0 | I21: =+M21/$E$31 -> 23 | J21: =+J20+H21-I21 -> 65.76 | K21: =+L20 -> 423547 | L21: =+L20+115 -> 423662 | M21: =+L21-K21 -> 115
A22: =+A21+1 -> 46067 | D22: APOYO LOCAL | H22: =C22 -> 0 | I22: =+M22/$E$31 -> 0 | J22: =+J21+H22-I22 -> 65.76 | K22: =+L21 -> 423662 | L22: =+L21+0 -> 423662 | M22: =+L22-K22 -> 0
A23: =+A22+1 -> 46068 | D23: APOYO LOCAL | H23: =C23 -> 0 | I23: =+M23/$E$31 -> 0 | J23: =+J22+H23-I23 -> 65.76 | K23: =+L22 -> 423662 | L23: =+L22+0 -> 423662 | M23: =+L23-K23 -> 0
A25: (*) Promedio de litro de combustible utilizado en relación a kilometros recorridos.
A26: KILOMETRAJE INICIAL | E26: =+K9 -> 423200 | G26: FIRMA CONDUCTOR | I26: CONFORMIDAD INMEDIATO SUPERIOR | K26: CONFORMIDAD MAESTRANZA | M26: CONFORMIDAD ACTIVOS FIJOS | O26: CONFORMIDAD RESP. DE COMBUSTIBLE
A27: KILOMETRAJE FINAL | E27: =+L23 -> 423662
A28: KILOMETRAJE RECORRIDO | E28: =+E27-E26 -> 462
A29: COMBUSTIBLE CARGADO EN EL PERIODO | E29: =SUM(H9:H24) -> 79.76
A30: COMBUSTIBLE CONSUMIDO EN EL PERIODO | E30: =SUM(I9:I24) -> 92.4
A31: KILOMETRAJE POR LITRO GASOLINA | E31: 5
A32: LITROS SOBRANTES PARA EL MES SIGUIENTE | E32: =+J23 -> 65.76
A34: OBSERVACIONES:

Sheet EJEMPLO JMCC (6)
A1: REPORTE DE USO DE COMBUSTIBLE EN VEHíCULOS
A2: GESTION | C2: 2026 | K2: SECRETARIA : | M2: DESPACHO
A3: MES | C3: FEBRERO | K3: TIPO DE VEHICULO | M3: VAGONETA - TOYOTA
A4: CHOFER | C4: JOSE MANUEL CABEZAS | K4: PLACA | M4: 3772 ULS
A5: LUGAR | C5: POTOSI | K5: COLOR | M5: BLANCO
A6: FECHA | B6: Nº VALE | C6: CANT. | D6: OBJETO DE VIAJE O TRABAJO | H6: COMBUSTIBLE | K6: KILOMETRAJE | N6: RESPONSABLE DE VIAJE | P6: FIRMA
H7: INGRESO | I7: UTILIZADO (*) | J7: SALDO | K7: SALIDA | L7: LLEGADA | M7: RECORRIDO
D8: SALDO ANTERIOR | J8: =+'EJEMPLO JMCC (5)'!E32 -> 65.76 | L8: =+'EJEMPLO JMCC (5)'!E27 -> 423662
A9: 46069 | D9: APOYO LOCAL | H9: =C9 -> 0 | I9: =+M9/$E$31 -> 15.4 | J9: =+J8+H9-I9 -> 50.36 | K9: =+L8 -> 423662 | L9: =+L8+77 -> 423739 | M9: =+L9-K9 -> 77
A10: =+A9+1 -> 46070 | D10: APOYO LOCAL | H10: =C10 -> 0 | I10: =+M10/$E$31 -> 1 | J10: =+J9+H10-I10 -> 49.36 | K10: =+L9 -> 423739 | L10: =+L9+5 -> 423744 | M10: =+L10-K10 -> 5
A11: =+A10+1 -> 46071 | D11: APOYO LOCAL | H11: =C11 -> 0 | I11: =+M11/$E$31 -> 4 | J11: =+J10+H11-I11 -> 45.36 | K11: =+L10 -> 423744 | L11: =+L10+20 -> 423764 | M11: =+L11-K11 -> 20
A12: =+A11+1 -> 46072 | B12: 14735 | C12: 106 | D12: APOYO LOCAL | H12: =C12 -> 106 | I12: =+M12/$E$31 -> 43 | J12: =+J11+H12-I12 -> 108.36 | K12: =+L11 -> 423764 | L12: =+L11+215 -> 423979 | M12: =+L12-K12 -> 215
A13: =+A12+1 -> 46073 | D13: APOYO LOCAL | H13: =C13 -> 0 | I13: =+M13/$E$31 -> 22 | J13: =+J12+H13-I13 -> 86.36 | K13: =+L12 -> 423979 | L13: =+L12+110 -> 424089 | M13: =+L13-K13 -> 110
A14: =+A13+1 -> 46074 | D14: APOYO LOCAL | H14: =C14 -> 0 | I14: =+M14/$E$31 -> 0 | J14: =+J13+H14-I14 -> 86.36 | K14: =+L13 -> 424089 | L14: =+L13+0 -> 424089 | M14: =+L14-K14 -> 0
A15: =+A14+1 -> 46075 | D15: APOYO LOCAL | H15: =C15 -> 0 | I15: =+M15/$E$31 -> 0 | J15: =+J14+H15-I15 -> 86.36 | K15: =+L14 -> 424089 | L15: =+L14+0 -> 424089 | M15: =+L15-K15 -> 0
A16: =+A15+1 -> 46076 | D16: APOYO LOCAL | H16: =C16 -> 0 | I16: =+M16/$E$31 -> 2 | J16: =+J15+H16-I16 -> 84.36 | K16: =+L15 -> 424089 | L16: =+L15+10 -> 424099 | M16: =+L16-K16 -> 10
A17: =+A16+1 -> 46077 | D17: APOYO LOCAL | H17: =C17 -> 0 | I17: =+M17/$E$31 -> 23 | J17: =+J16+H17-I17 -> 61.36 | K17: =+L16 -> 424099 | L17: =+L16+115 -> 424214 | M17: =+L17-K17 -> 115
A18: =+A17+1 -> 46078 | D18: APOYO LOCAL | H18: =C18 -> 0 | I18: =+M18/$E$31 -> 22.8 | J18: =+J17+H18-I18 -> 38.56 | K18: =+L17 -> 424214 | L18: =+L17+114 -> 424328 | M18: =+L18-K18 -> 114
A19: =+A18+1 -> 46079 | D19: APOYO LOCAL | H19: =C19 -> 0 | I19: =+M19/$E$31 -> 17 | J19: =+J18+H19-I19 -> 21.56 | K19: =+L18 -> 424328 | L19: =+L18+85 -> 424413 | M19: =+L19-K19 -> 85
A20: =+A19+1 -> 46080 | D20: APOYO LOCAL | H20: =C20 -> 0 | I20: =+M20/$E$31 -> 3.6 | J20: =+J19+H20-I20 -> 17.96 | K20: =+L19 -> 424413 | L20: =+L19+18 -> 424431 | M20: =+L20-K20 -> 18
A21: =+A20+1 -> 46081 | D21: APOYO LOCAL | H21: =C21 -> 0 | I21: =+M21/$E$31 -> 0 | J21: =+J20+H21-I21 -> 17.96 | K21: =+L20 -> 424431 | L21: =+L20+0 -> 424431 | M21: =+L21-K21 -> 0
A25: (*) Promedio de litro de combustible utilizado en relación a kilometros recorridos.
A26: KILOMETRAJE INICIAL | E26: =+K9 -> 423662 | G26: FIRMA CONDUCTOR | I26: CONFORMIDAD INMEDIATO SUPERIOR | K26: CONFORMIDAD MAESTRANZA | M26: CONFORMIDAD ACTIVOS FIJOS | O26: CONFORMIDAD RESP. DE COMBUSTIBLE
A27: KILOMETRAJE FINAL | E27: =+L21 -> 424431
A28: KILOMETRAJE RECORRIDO | E28: =+E27-E26 -> 769
A29: COMBUSTIBLE CARGADO EN EL PERIODO | E29: =SUM(H9:H24) -> 106
A30: COMBUSTIBLE CONSUMIDO EN EL PERIODO | E30: =SUM(I9:I24) -> 153.8
A31: KILOMETRAJE POR LITRO GASOLINA | E31: 5
A32: LITROS SOBRANTES PARA EL MES SIGUIENTE | E32: =+J21 -> 17.96
A34: OBSERVACIONES:

Sheet EJEMPLO JMCC (7)
A1: REPORTE DE USO DE COMBUSTIBLE EN VEHíCULOS
A2: GESTION | C2: 2026 | K2: SECRETARIA : | M2: DESPACHO
A3: MES | C3: MARZO | K3: TIPO DE VEHICULO | M3: VAGONETA - TOYOTA
A4: CHOFER | C4: JOSE MANUEL CABEZAS | K4: PLACA | M4: 3772 ULS
A5: LUGAR | C5: POTOSI | K5: COLOR | M5: BLANCO
A6: FECHA | B6: Nº VALE | C6: CANT. | D6: OBJETO DE VIAJE O TRABAJO | H6: COMBUSTIBLE | K6: KILOMETRAJE | N6: RESPONSABLE DE VIAJE | P6: FIRMA
H7: INGRESO | I7: UTILIZADO (*) | J7: SALDO | K7: SALIDA | L7: LLEGADA | M7: RECORRIDO
D8: SALDO ANTERIOR | J8: =+'EJEMPLO JMCC (5)'!E32 -> 65.76 | L8: =+'EJEMPLO JMCC (6)'!E27 -> 424431
A9: 46082 | D9: APOYO LOCAL | H9: =C9 -> 0 | I9: =+M9/$E$31 -> 0 | J9: =+J8+H9-I9 -> 65.76 | K9: =+L8 -> 424431 | L9: =+L8+0 -> 424431 | M9: =+L9-K9 -> 0
A10: =+A9+1 -> 46083 | B10: 14736 | C10: 105 | D10: APOYO LOCAL | H10: =C10 -> 105 | I10: =+M10/$E$31 -> 15.8 | J10: =+J9+H10-I10 -> 154.96 | K10: =+L9 -> 424431 | L10: =+L9+79 -> 424510 | M10: =+L10-K10 -> 79
A11: =+A10+1 -> 46084 | D11: APOYO LOCAL | H11: =C11 -> 0 | I11: =+M11/$E$31 -> 29 | J11: =+J10+H11-I11 -> 125.96 | K11: =+L10 -> 424510 | L11: =+L10+145 -> 424655 | M11: =+L11-K11 -> 145
A12: =+A11+1 -> 46085 | D12: APOYO LOCAL | H12: =C12 -> 0 | I12: =+M12/$E$31 -> 12.4 | J12: =+J11+H12-I12 -> 113.56 | K12: =+L11 -> 424655 | L12: =+L11+62 -> 424717 | M12: =+L12-K12 -> 62
A13: =+A12+1 -> 46086 | D13: APOYO LOCAL | H13: =C13 -> 0 | I13: =+M13/$E$31 -> 8.8 | J13: =+J12+H13-I13 -> 104.76 | K13: =+L12 -> 424717 | L13: =+L12+44 -> 424761 | M13: =+L13-K13 -> 44
A14: =+A13+1 -> 46087 | D14: APOYO LOCAL | H14: =C14 -> 0 | I14: =+M14/$E$31 -> 27.2 | J14: =+J13+H14-I14 -> 77.56 | K14: =+L13 -> 424761 | L14: =+L13+136 -> 424897 | M14: =+L14-K14 -> 136
A15: =+A14+1 -> 46088 | D15: APOYO LOCAL | H15: =C15 -> 0 | I15: =+M15/$E$31 -> 0 | J15: =+J14+H15-I15 -> 77.56 | K15: =+L14 -> 424897 | L15: =+L14+0 -> 424897 | M15: =+L15-K15 -> 0
A16: =+A15+1 -> 46089 | D16: APOYO LOCAL | H16: =C16 -> 0 | I16: =+M16/$E$31 -> 0 | J16: =+J15+H16-I16 -> 77.56 | K16: =+L15 -> 424897 | L16: =+L15+0 -> 424897 | M16: =+L16-K16 -> 0
A17: =+A16+1 -> 46090 | D17: APOYO LOCAL | H17: =C17 -> 0 | I17: =+M17/$E$31 -> 37 | J17: =+J16+H17-I17 -> 40.56 | K17: =+L16 -> 424897 | L17: =+L16+185 -> 425082 | M17: =+L17-K17 -> 185
A18: =+A17+1 -> 46091 | B18: 14737 | C18: 107 | D18: APOYO LOCAL | H18: =C18 -> 107 | I18: =+M18/$E$31 -> 4.4 | J18: =+J17+H18-I18 -> 143.16 | K18: =+L17 -> 425082 | L18: =+L17+22 -> 425104 | M18: =+L18-K18 -> 22
A19: =+A18+1 -> 46092 | D19: APOYO LOCAL | H19: =C19 -> 0 | I19: =+M19/$E$31 -> 9.8 | J19: =+J18+H19-I19 -> 133.36 | K19: =+L18 -> 425104 | L19: =+L18+49 -> 425153 | M19: =+L19-K19 -> 49
A20: =+A19+1 -> 46093 | D20: APOYO LOCAL | H20: =C20 -> 0 | I20: =+M20/$E$31 -> 25.4 | J20: =+J19+H20-I20 -> 107.96 | K20: =+L19 -> 425153 | L20: =+L19+127 -> 425280 | M20: =+L20-K20 -> 127
A21: =+A20+1 -> 46094 | D21: APOYO LOCAL | H21: =C21 -> 0 | I21: =+M21/$E$31 -> 4.2 | J21: =+J20+H21-I21 -> 103.76 | K21: =+L20 -> 425280 | L21: =+L20+21 -> 425301 | M21: =+L21-K21 -> 21
A22: =+A21+1 -> 46095 | D22: APOYO LOCAL | H22: =C22 -> 0 | I22: =+M22/$E$31 -> 0 | J22: =+J21+H22-I22 -> 103.76 | K22: =+L21 -> 425301 | L22: =+L21+0 -> 425301 | M22: =+L22-K22 -> 0
A23: =+A22+1 -> 46096 | D23: APOYO LOCAL | H23: =C23 -> 0 | I23: =+M23/$E$31 -> 0 | J23: =+J22+H23-I23 -> 103.76 | K23: =+L22 -> 425301 | L23: =+L22+0 -> 425301 | M23: =+L23-K23 -> 0 | R23: 425001 | S23: =+L23-R23 -> 300
I24: =+M24/$E$31 -> 174 | M24: =SUM(M9:M23) -> 870
A25: (*) Promedio de litro de combustible utilizado en relación a kilometros recorridos.
A26: KILOMETRAJE INICIAL | E26: =+K9 -> 424431 | G26: FIRMA CONDUCTOR | I26: CONFORMIDAD INMEDIATO SUPERIOR | K26: CONFORMIDAD MAESTRANZA | M26: CONFORMIDAD ACTIVOS FIJOS | O26: CONFORMIDAD RESP. DE COMBUSTIBLE
A27: KILOMETRAJE FINAL | E27: =+L23 -> 425301
A28: KILOMETRAJE RECORRIDO | E28: =+E27-E26 -> 870
A29: COMBUSTIBLE CARGADO EN EL PERIODO | E29: =SUM(H9:H24) -> 212
A30: COMBUSTIBLE CONSUMIDO EN EL PERIODO | E30: =SUM(I9:I24) -> 348
A31: KILOMETRAJE POR LITRO GASOLINA | E31: 5
A32: LITROS SOBRANTES PARA EL MES SIGUIENTE | E32: =+J23 -> 103.76
A34: OBSERVACIONES:

Sheet EJEMPLO JMCC (8)
A1: REPORTE DE USO DE COMBUSTIBLE EN VEHíCULOS
A2: GESTION | C2: 2026 | K2: SECRETARIA : | M2: DESPACHO
A3: MES | C3: MARZO | K3: TIPO DE VEHICULO | M3: VAGONETA - TOYOTA
A4: CHOFER | C4: JOSE MANUEL CABEZAS | K4: PLACA | M4: 3772 ULS
A5: LUGAR | C5: POTOSI | K5: COLOR | M5: BLANCO
A6: FECHA | B6: Nº VALE | C6: CANT. | D6: OBJETO DE VIAJE O TRABAJO | H6: COMBUSTIBLE | K6: KILOMETRAJE | N6: RESPONSABLE DE VIAJE | P6: FIRMA
H7: INGRESO | I7: UTILIZADO (*) | J7: SALDO | K7: SALIDA | L7: LLEGADA | M7: RECORRIDO
D8: SALDO ANTERIOR | J8: =+'EJEMPLO JMCC (7)'!E32 -> 103.76 | L8: =+'EJEMPLO JMCC (7)'!L23 -> 425301
A9: 46097 | D9: APOYO LOCAL | H9: =C9 -> 0 | I9: =+M9/$E$32 -> 2 | J9: =+J8+H9-I9 -> 101.76 | K9: =+L8 -> 425301 | L9: =+L8+10 -> 425311 | M9: =+L9-K9 -> 10
A10: =+A9+1 -> 46098 | D10: APOYO LOCAL | H10: =C10 -> 0 | I10: =+M10/$E$32 -> 7.8 | J10: =+J9+H10-I10 -> 93.96 | K10: =+L9 -> 425311 | L10: =+L9+39 -> 425350 | M10: =+L10-K10 -> 39
A11: =+A10+1 -> 46099 | D11: APOYO LOCAL | H11: =C11 -> 0 | I11: =+M11/$E$32 -> 9 | J11: =+J10+H11-I11 -> 84.96 | K11: =+L10 -> 425350 | L11: =+L10+45 -> 425395 | M11: =+L11-K11 -> 45
A12: =+A11+1 -> 46100 | D12: APOYO LOCAL | H12: =C12 -> 0 | I12: =+M12/$E$32 -> 8.6 | J12: =+J11+H12-I12 -> 76.36 | K12: =+L11 -> 425395 | L12: =+L11+43 -> 425438 | M12: =+L12-K12 -> 43
A13: =+A12+1 -> 46101 | D13: APOYO LOCAL | H13: =C13 -> 0 | I13: =+M13/$E$32 -> 8.8 | J13: =+J12+H13-I13 -> 67.56 | K13: =+L12 -> 425438 | L13: =+L12+44 -> 425482 | M13: =+L13-K13 -> 44
A14: =+A13+1 -> 46102 | D14: APOYO LOCAL | H14: =C14 -> 0 | I14: =+M14/$E$32 -> 0 | J14: =+J13+H14-I14 -> 67.56 | K14: =+L13 -> 425482 | L14: =+L13+0 -> 425482 | M14: =+L14-K14 -> 0
A15: =+A14+1 -> 46103 | D15: APOYO LOCAL | H15: =C15 -> 0 | I15: =+M15/$E$32 -> 0 | J15: =+J14+H15-I15 -> 67.56 | K15: =+L14 -> 425482 | L15: =+L14+0 -> 425482 | M15: =+L15-K15 -> 0
A16: =+A15+1 -> 46104 | D16: APOYO LOCAL | H16: =C16 -> 0 | I16: =+M16/$E$32 -> 3.8 | J16: =+J15+H16-I16 -> 63.76 | K16: =+L15 -> 425482 | L16: =+L15+19 -> 425501 | M16: =+L16-K16 -> 19
A17: =+A16+1 -> 46105 | D17: APOYO LOCAL | H17: =C17 -> 0 | I17: =+M17/$E$32 -> 3.6 | J17: =+J16+H17-I17 -> 60.16 | K17: =+L16 -> 425501 | L17: =+L16+18 -> 425519 | M17: =+L17-K17 -> 18
A18: =+A17+1 -> 46106 | D18: APOYO LOCAL | H18: =C18 -> 0 | I18: =+M18/$E$32 -> 4.4 | J18: =+J17+H18-I18 -> 55.76 | K18: =+L17 -> 425519 | L18: =+L17+22 -> 425541 | M18: =+L18-K18 -> 22
A19: =+A18+1 -> 46107 | D19: APOYO LOCAL | H19: =C19 -> 0 | I19: =+M19/$E$32 -> 9.8 | J19: =+J18+H19-I19 -> 45.96 | K19: =+L18 -> 425541 | L19: =+L18+49 -> 425590 | M19: =+L19-K19 -> 49
A20: =+A19+1 -> 46108 | D20: APOYO LOCAL | H20: =C20 -> 0 | I20: =+M20/$E$32 -> 2.4 | J20: =+J19+H20-I20 -> 43.56 | K20: =+L19 -> 425590 | L20: =+L19+12 -> 425602 | M20: =+L20-K20 -> 12
A21: =+A20+1 -> 46109 | D21: APOYO LOCAL | H21: =C21 -> 0 | I21: =+M21/$E$32 -> 0 | J21: =+J20+H21-I21 -> 43.56 | K21: =+L20 -> 425602 | L21: =+L20+0 -> 425602 | M21: =+L21-K21 -> 0
A22: =+A21+1 -> 46110 | D22: APOYO LOCAL | H22: =C22 -> 0 | I22: =+M22/$E$32 -> 0 | J22: =+J21+H22-I22 -> 43.56 | K22: =+L21 -> 425602 | L22: =+L21+0 -> 425602 | M22: =+L22-K22 -> 0
A23: =+A22+1 -> 46111 | D23: APOYO LOCAL | H23: =C23 -> 0 | I23: =+M23/$E$32 -> 10.8 | J23: =+J22+H23-I23 -> 32.76 | K23: =+L22 -> 425602 | L23: =+L22+54 -> 425656 | M23: =+L23-K23 -> 54
A24: =+A23+1 -> 46112 | D24: APOYO LOCAL | H24: =C24 -> 0 | I24: =+M24/$E$32 -> 8.2 | J24: =+J23+H24-I24 -> 24.56 | K24: =+L23 -> 425656 | L24: =+L23+41 -> 425697 | M24: =+L24-K24 -> 41
I25: =+M25/$E$32 -> 79.2 | M25: =SUM(M9:M24) -> 396
A26: (*) Promedio de litro de combustible utilizado en relación a kilometros recorridos.
A27: KILOMETRAJE INICIAL | E27: =+K9 -> 425301 | G27: FIRMA CONDUCTOR | I27: CONFORMIDAD INMEDIATO SUPERIOR | K27: CONFORMIDAD MAESTRANZA | M27: CONFORMIDAD ACTIVOS FIJOS | O27: CONFORMIDAD RESP. DE COMBUSTIBLE
A28: KILOMETRAJE FINAL | E28: =+L24 -> 425697
A29: KILOMETRAJE RECORRIDO | E29: =+E28-E27 -> 396
A30: COMBUSTIBLE CARGADO EN EL PERIODO | E30: =SUM(H9:H25) -> 0
A31: COMBUSTIBLE CONSUMIDO EN EL PERIODO | E31: =SUM(I9:I25) -> 158.4
A32: KILOMETRAJE POR LITRO GASOLINA | E32: 5
A33: LITROS SOBRANTES PARA EL MES SIGUIENTE | E33: =+J24 -> 24.56
A35: OBSERVACIONES:

Sheet EJEMPLO JMCC (9)
A1: REPORTE DE USO DE COMBUSTIBLE EN VEHíCULOS
A2: GESTION | C2: 2026 | K2: SECRETARIA : | M2: DESPACHO
A3: MES | C3: ABRIL | K3: TIPO DE VEHICULO | M3: VAGONETA - TOYOTA
A4: CHOFER | C4: JOSE MANUEL CABEZAS | K4: PLACA | M4: 3772 ULS
A5: LUGAR | C5: POTOSI | K5: COLOR | M5: BLANCO
A6: FECHA | B6: Nº VALE | C6: CANT. | D6: OBJETO DE VIAJE O TRABAJO | H6: COMBUSTIBLE | K6: KILOMETRAJE | N6: RESPONSABLE DE VIAJE | P6: FIRMA
H7: INGRESO | I7: UTILIZADO (*) | J7: SALDO | K7: SALIDA | L7: LLEGADA | M7: RECORRIDO
D8: SALDO ANTERIOR | J8: =+'EJEMPLO JMCC (8)'!E33 -> 24.56 | L8: =+'EJEMPLO JMCC (8)'!E28 -> 425697
A9: 46113 | D9: APOYO LOCAL | H9: =C9 -> 0 | I9: =+M9/$E$31 -> 0 | J9: =+J8+H9-I9 -> 24.56 | K9: =+L8 -> 425697 | L9: =+L8+0 -> 425697 | M9: =+L9-K9 -> 0
A10: =+A9+1 -> 46114 | D10: APOYO LOCAL | H10: =C10 -> 0 | I10: =+M10/$E$31 -> 2.2222222 | J10: =+J9+H10-I10 -> 22.337778 | K10: =+L9 -> 425697 | L10: =+L9+10 -> 425707 | M10: =+L10-K10 -> 10
A11: =+A10+1 -> 46115 | D11: FERIADO | H11: =C11 -> 0 | I11: =+M11/$E$31 -> 0 | J11: =+J10+H11-I11 -> 22.337778 | K11: =+L10 -> 425707 | L11: =+L10 -> 425707 | M11: =+L11-K11 -> 0
A12: =+A11+1 -> 46116 | D12: APOYO LOCAL | H12: =C12 -> 0 | I12: =+M12/$E$31 -> 0 | J12: =+J11+H12-I12 -> 22.337778 | K12: =+L11 -> 425707 | L12: =+L11 -> 425707 | M12: =+L12-K12 -> 0
A13: =+A12+1 -> 46117 | D13: APOYO LOCAL | H13: =C13 -> 0 | I13: =+M13/$E$31 -> 0 | J13: =+J12+H13-I13 -> 22.337778 | K13: =+L12 -> 425707 | L13: =+L12 -> 425707 | M13: =+L13-K13 -> 0
A14: =+A13+1 -> 46118 | D14: APOYO LOCAL | H14: =C14 -> 0 | I14: =+M14/$E$31 -> 7.1111111 | J14: =+J13+H14-I14 -> 15.226667 | K14: =+L13 -> 425707 | L14: =+L13+32 -> 425739 | M14: =+L14-K14 -> 32
A15: =+A14+1 -> 46119 | D15: APOYO LOCAL | H15: =C15 -> 0 | I15: =+M15/$E$31 -> 4.4444444 | J15: =+J14+H15-I15 -> 10.782222 | K15: =+L14 -> 425739 | L15: =+L14+20 -> 425759 | M15: =+L15-K15 -> 20
A16: =+A15+1 -> 46120 | D16: APOYO LOCAL | H16: =C16 -> 0 | I16: =+M16/$E$31 -> 4.2222222 | J16: =+J15+H16-I16 -> 6.56 | K16: =+L15 -> 425759 | L16: =+L15+19 -> 425778 | M16: =+L16-K16 -> 19
A17: =+A16+1 -> 46121 | D17: APOYO LOCAL | H17: =C17 -> 0 | I17: =+M17/$E$31 -> 4 | J17: =+J16+H17-I17 -> 2.56 | K17: =+L16 -> 425778 | L17: =+L16+18 -> 425796 | M17: =+L17-K17 -> 18
A18: =+A17+1 -> 46122 | B18: 14738 | C18: 97 | D18: APOYO LOCAL | H18: =C18 -> 97 | I18: =+M18/$E$31 -> 18.222222 | J18: =+J17+H18-I18 -> 81.337778 | K18: =+L17 -> 425796 | L18: =+L17+82 -> 425878 | M18: =+L18-K18 -> 82
A19: =+A18+1 -> 46123 | D19: APOYO LOCAL | H19: =C19 -> 0 | I19: =+M19/$E$31 -> 0 | J19: =+J18+H19-I19 -> 81.337778 | K19: =+L18 -> 425878 | L19: =+L18 -> 425878 | M19: =+L19-K19 -> 0
A20: =+A19+1 -> 46124 | D20: APOYO LOCAL | H20: =C20 -> 0 | I20: =+M20/$E$31 -> 0 | J20: =+J19+H20-I20 -> 81.337778 | K20: =+L19 -> 425878 | L20: =+L19 -> 425878 | M20: =+L20-K20 -> 0
A21: =+A20+1 -> 46125 | D21: APOYO LOCAL | H21: =C21 -> 0 | I21: =+M21/$E$31 -> 7.7777778 | J21: =+J20+H21-I21 -> 73.56 | K21: =+L20 -> 425878 | L21: =+L20+35 -> 425913 | M21: =+L21-K21 -> 35
A22: =+A21+1 -> 46126 | D22: APOYO LOCAL | H22: =C22 -> 0 | I22: =+M22/$E$31 -> 9.3333333 | J22: =+J21+H22-I22 -> 64.226667 | K22: =+L21 -> 425913 | L22: =+L21+42 -> 425955 | M22: =+L22-K22 -> 42
A23: =+A22+1 -> 46127 | D23: APOYO LOCAL | H23: =C23 -> 0 | I23: =+M23/$E$31 -> 9.7777778 | J23: =+J22+H23-I23 -> 54.448889 | K23: =+L22 -> 425955 | L23: 425999 | M23: =+L23-K23 -> 44
I24: =+M24/$E$31 -> 67.111111 | M24: =SUM(M9:M23) -> 302
A25: (*) Promedio de litro de combustible utilizado en relación a kilometros recorridos.
A26: KILOMETRAJE INICIAL | E26: =+K9 -> 425697 | G26: FIRMA CONDUCTOR | I26: CONFORMIDAD INMEDIATO SUPERIOR | K26: CONFORMIDAD MAESTRANZA | M26: CONFORMIDAD ACTIVOS FIJOS | O26: CONFORMIDAD RESP. DE COMBUSTIBLE
A27: KILOMETRAJE FINAL | E27: =+L23 -> 425999
A28: KILOMETRAJE RECORRIDO | E28: =+E27-E26 -> 302
A29: COMBUSTIBLE CARGADO EN EL PERIODO | E29: =SUM(H9:H24) -> 97
A30: COMBUSTIBLE CONSUMIDO EN EL PERIODO | E30: =SUM(I9:I24) -> 134.22222
A31: KILOMETRAJE POR LITRO GASOLINA | E31: 4.5
A32: LITROS SOBRANTES PARA EL MES SIGUIENTE | E32: =+J23 -> 54.448889
A34: OBSERVACIONES:
